Country,Code,Year,GDP per capita,"Alcohol Consuption, liters per capita"
Afghanistan,AFG,2002,179.4265792,0.01
Afghanistan,AFG,2003,190.6838143,0.01
Afghanistan,AFG,2004,211.3820742,0.02
Afghanistan,AFG,2005,242.0313132,0.02
Afghanistan,AFG,2006,263.7336019,0.03
Afghanistan,AFG,2007,359.6931579,0.02
Afghanistan,AFG,2008,364.663542,0.03
Afghanistan,AFG,2009,437.2687402,0.01
Afghanistan,AFG,2010,543.3065262,0.01
Afghanistan,AFG,2011,591.1900302,0.01
Afghanistan,AFG,2012,638.8458516,0.01
Afghanistan,AFG,2013,624.3154545,0.01
Afghanistan,AFG,2014,614.2233424,0.01
Afghanistan,AFG,2015,556.0072209,0.01
Albania,ALB,2000,1126.68334,3.66
Albania,ALB,2001,1281.659826,4.25
Albania,ALB,2002,1425.124219,3.73
Albania,ALB,2003,1846.120121,4.29
Albania,ALB,2004,2373.581292,4.54
Albania,ALB,2005,2673.786584,5.16
Albania,ALB,2006,2972.742924,5.31
Albania,ALB,2007,3595.038057,5.58
Albania,ALB,2008,4370.539925,5.61
Albania,ALB,2009,4114.134899,5.79
Albania,ALB,2010,4094.348386,5.28
Albania,ALB,2011,4437.142612,5.37
Albania,ALB,2012,4247.630047,5.14
Albania,ALB,2013,4413.062005,4.76
Albania,ALB,2014,4578.633208,4.51
Albania,ALB,2015,3952.802538,4.6
Algeria,DZA,2000,1765.027146,0.25
Algeria,DZA,2001,1740.606654,0.23
Algeria,DZA,2002,1781.828908,0.36
Algeria,DZA,2003,2103.381291,0.34
Algeria,DZA,2004,2610.185422,0.45
Algeria,DZA,2005,3113.094883,0.5
Algeria,DZA,2006,3478.710002,0.36
Algeria,DZA,2007,3950.512993,0.44
Algeria,DZA,2008,4923.631615,0.46
Algeria,DZA,2009,3883.2709,0.5
Algeria,DZA,2010,4480.786318,0.45
Algeria,DZA,2011,5455.679403,0.56
Algeria,DZA,2012,5592.220115,0.66
Algeria,DZA,2013,5499.587331,0.53
Algeria,DZA,2014,5493.056695,0.01
Angola,AGO,2000,556.8386317,1.85
Angola,AGO,2001,527.3335285,2.58
Angola,AGO,2002,872.4944418,2.82
Angola,AGO,2003,982.9610078,3.49
Angola,AGO,2004,1255.564513,3.53
Angola,AGO,2005,1902.42215,5.04
Angola,AGO,2006,2599.565948,5.84
Angola,AGO,2007,3121.996085,6.35
Angola,AGO,2008,4080.941034,7.07
Angola,AGO,2009,3122.781599,7.01
Angola,AGO,2010,3587.883645,7.8
Angola,AGO,2011,4615.468219,8.06
Angola,AGO,2012,5100.097027,8.24
Angola,AGO,2013,5254.881126,8.1
Angola,AGO,2014,5408.4117,8.33
Antigua and Barbuda,ATG,2000,10872.29295,7.27
Antigua and Barbuda,ATG,2001,10367.31961,7.51
Antigua and Barbuda,ATG,2002,10401.05088,7.21
Antigua and Barbuda,ATG,2003,10797.95106,7.16
Antigua and Barbuda,ATG,2004,11446.96914,7.28
Antigua and Barbuda,ATG,2005,12557.54785,8.15
Antigua and Barbuda,ATG,2006,13995.80442,8.93
Antigua and Barbuda,ATG,2007,15622.69287,8.64
Antigua and Barbuda,ATG,2008,16044.1058,8.27
Antigua and Barbuda,ATG,2009,14160.562,7.82
Antigua and Barbuda,ATG,2010,13048.96058,7.84
Antigua and Barbuda,ATG,2011,12746.63347,7.84
Antigua and Barbuda,ATG,2012,13272.73494,8.18
Antigua and Barbuda,ATG,2013,12910.59063,8.58
Antigua and Barbuda,ATG,2014,13501.58092,8.56
Argentina,ARG,2000,7708.099115,7.68
Argentina,ARG,2001,7208.373114,7.76
Argentina,ARG,2002,2593.404563,7.81
Argentina,ARG,2003,3349.8063,7.62
Argentina,ARG,2004,4277.721573,7.63
Argentina,ARG,2005,5109.852245,7.53
Argentina,ARG,2006,5919.012338,7.75
Argentina,ARG,2007,7245.446857,8.16
Argentina,ARG,2008,9020.873323,8.41
Argentina,ARG,2009,8225.137583,8.33
Argentina,ARG,2010,10385.96443,8.15
Argentina,ARG,2011,12848.8642,8.11
Argentina,ARG,2012,13082.66433,8.35
Argentina,ARG,2013,13080.25473,8.28
Argentina,ARG,2014,12334.79825,7.93
Armenia,ARM,2000,622.7409229,2.9
Armenia,ARM,2001,694.4234554,2.86
Armenia,ARM,2002,783.241215,2.86
Armenia,ARM,2003,930.1254727,3.03
Armenia,ARM,2004,1191.921006,3.81
Armenia,ARM,2005,1643.756889,4.25
Armenia,ARM,2006,2158.148074,4.01
Armenia,ARM,2007,3139.28071,3.99
Armenia,ARM,2008,4010.861381,3.96
Armenia,ARM,2009,2994.340471,3.96
Armenia,ARM,2010,3218.378299,4.23
Armenia,ARM,2011,3525.807198,4.09
Armenia,ARM,2012,3681.844691,3.89
Armenia,ARM,2013,3838.17388,3.79
Armenia,ARM,2014,3986.231624,3.91
Australia,AUS,2000,21697.70848,10.17
Australia,AUS,2001,19527.32358,9.53
Australia,AUS,2002,20117.78889,9.84
Australia,AUS,2003,23492.40517,9.97
Australia,AUS,2004,30513.94174,9.84
Australia,AUS,2005,34080.9999,10.3
Australia,AUS,2006,36117.48798,10.31
Australia,AUS,2007,41001.14298,10.56
Australia,AUS,2008,49654.9106,10.76
Australia,AUS,2009,42783.32257,10.62
Australia,AUS,2010,52087.97229,10.52
Australia,AUS,2011,62574.1457,10.3
Australia,AUS,2012,68027.84171,10.03
Australia,AUS,2013,68156.62792,9.87
Australia,AUS,2014,62511.69059,9.71
Austria,AUT,2000,24564.45829,13.2
Austria,AUT,2001,24537.51426,12.4
Austria,AUT,2002,26401.74546,12.5
Austria,AUT,2003,32222.89724,12.2
Austria,AUT,2004,36821.52147,12.1
Austria,AUT,2005,38403.13388,12.4
Austria,AUT,2006,40635.28182,12.4
Austria,AUT,2007,46855.77175,12.5
Austria,AUT,2008,51708.76575,12
Austria,AUT,2009,47963.1794,11.3
Austria,AUT,2010,46858.04327,12.1
Austria,AUT,2011,51374.95841,12.04
Austria,AUT,2012,48567.69529,12.26
Austria,AUT,2013,50716.70871,11.82
Austria,AUT,2014,51717.49594,12.32
Azerbaijan,AZE,2000,655.1199452,0.65
Azerbaijan,AZE,2001,703.6838434,0.51
Azerbaijan,AZE,2002,763.080638,0.55
Azerbaijan,AZE,2003,883.7339715,0.55
Azerbaijan,AZE,2004,1045.009379,0.62
Azerbaijan,AZE,2005,1578.40239,0.73
Azerbaijan,AZE,2006,2473.081819,0.85
Azerbaijan,AZE,2007,3851.437869,1.02
Azerbaijan,AZE,2008,5574.603802,1.18
Azerbaijan,AZE,2009,4950.294791,2.1
Azerbaijan,AZE,2010,5843.533768,1.98
Azerbaijan,AZE,2011,7189.691229,1.98
Azerbaijan,AZE,2012,7496.294648,0.01
Azerbaijan,AZE,2013,7875.756953,2.14
Azerbaijan,AZE,2014,7891.313147,0.01
Bahrain,BHR,2000,13636.41675,2.15
Bahrain,BHR,2001,12868.17692,1.95
Bahrain,BHR,2002,13049.90973,1.99
Bahrain,BHR,2003,14222.0368,2.16
Bahrain,BHR,2004,15846.50595,2.16
Bahrain,BHR,2005,17959.39683,2.05
Bahrain,BHR,2006,19307.50894,2.1
Bahrain,BHR,2007,20976.44229,2
Bahrain,BHR,2008,23066.45098,2
Bahrain,BHR,2009,19355.92101,1.95
Bahrain,BHR,2010,20722.07049,1.93
Bahrain,BHR,2011,22514.20272,1.66
Bahrain,BHR,2012,23654.36959,1.7
Bahrain,BHR,2013,24744.29696,1.65
Bahrain,BHR,2014,24989.43753,1.57
Bangladesh,BGD,2000,418.0689421,0.01
Bangladesh,BGD,2001,415.0344043,0.01
Bangladesh,BGD,2002,413.0802826,0.01
Bangladesh,BGD,2003,446.3106757,0.01
Bangladesh,BGD,2004,475.2919302,0.01
Bangladesh,BGD,2005,499.4619402,0.01
Bangladesh,BGD,2006,509.6401899,0.01
Bangladesh,BGD,2007,558.0518407,0.01
Bangladesh,BGD,2008,634.9870697,0.01
Bangladesh,BGD,2009,702.2644196,0.01
Bangladesh,BGD,2010,781.1535777,0.01
Bangladesh,BGD,2011,861.7621622,0.01
Bangladesh,BGD,2012,883.1171296,0.01
Bangladesh,BGD,2013,981.8608514,0.01
Bangladesh,BGD,2014,1118.873808,0.01
Barbados,BRB,2000,11268.42006,7.43
Barbados,BRB,2001,11209.42112,7.38
Barbados,BRB,2002,11361.51677,7.59
Barbados,BRB,2003,11699.37047,7.65
Barbados,BRB,2004,12512.57797,7.68
Barbados,BRB,2005,13822.74175,8.01
Barbados,BRB,2006,15199.56753,8.39
Barbados,BRB,2007,16770.66103,8.47
Barbados,BRB,2008,17092.58214,8.95
Barbados,BRB,2009,15885.41018,8.46
Barbados,BRB,2010,16056.37098,8.41
Barbados,BRB,2011,16458.35321,8.51
Barbados,BRB,2012,16249.67395,8.61
Barbados,BRB,2013,16451.27931,8.74
Barbados,BRB,2014,16489.07224,8.82
Belarus,BLR,2000,1276.493985,12.98
Belarus,BLR,2001,1244.373185,10.74
Belarus,BLR,2002,1479.314583,12.23
Belarus,BLR,2003,1819.766059,11.17
Belarus,BLR,2004,2378.623286,12.05
Belarus,BLR,2005,3125.810535,11.01
Belarus,BLR,2006,3847.434124,12.6
Belarus,BLR,2007,4735.657608,14.22
Belarus,BLR,2008,6377.369732,14.67
Belarus,BLR,2009,5352.583912,14.09
Belarus,BLR,2010,6033.686239,14.44
Belarus,BLR,2011,6527.173869,17.31
Belarus,BLR,2012,6953.132515,16.35
Belarus,BLR,2013,7998.125239,14.66
Belarus,BLR,2014,8341.399679,13.94
Belgium,BEL,2000,23041.53473,11.21
Belgium,BEL,2001,22995.15752,11.01
Belgium,BEL,2002,24887.56133,11.29
Belgium,BEL,2003,30587.66841,11.28
Belgium,BEL,2004,35364.37533,12.05
Belgium,BEL,2005,36795.97688,12.27
Belgium,BEL,2006,38672.70594,10.98
Belgium,BEL,2007,44262.896,10.25
Belgium,BEL,2008,48106.89292,10.47
Belgium,BEL,2009,44583.54481,10.05
Belgium,BEL,2010,44141.87814,10.22
Belgium,BEL,2011,47348.52502,10.11
Belgium,BEL,2012,44673.11588,10.08
Belgium,BEL,2013,46744.66254,11.77
Belgium,BEL,2014,47700.54036,12.6
Belize,BLZ,2000,3364.491731,4.79
Belize,BLZ,2001,3404.420586,4.9
Belize,BLZ,2002,3526.081513,4.99
Belize,BLZ,2003,3650.60647,5.67
Belize,BLZ,2004,3802.26316,6.2
Belize,BLZ,2005,3885.034074,6.25
Belize,BLZ,2006,4155.323885,6.48
Belize,BLZ,2007,4252.395404,7.24
Belize,BLZ,2008,4404.308198,7.22
Belize,BLZ,2009,4186.519998,6.85
Belize,BLZ,2010,4270.780085,6.76
Belize,BLZ,2011,4423.496842,6.64
Belize,BLZ,2012,4505.600593,6.66
Belize,BLZ,2013,4568.641228,6.56
Belize,BLZ,2014,4718.436581,6.58
Benin,BEN,2000,512.673902,1.34
Benin,BEN,2001,518.0674741,1.29
Benin,BEN,2002,574.9297982,1.23
Benin,BEN,2003,711.2849548,1.35
Benin,BEN,2004,798.7443045,1.15
Benin,BEN,2005,822.7851431,1.13
Benin,BEN,2006,856.0549166,1.19
Benin,BEN,2007,966.2036183,1.12
Benin,BEN,2008,1125.426134,1.28
Benin,BEN,2009,1088.757906,1.16
Benin,BEN,2010,1036.534515,1.33
Benin,BEN,2011,1130.273251,1.4
Benin,BEN,2012,1145.140105,0.01
Benin,BEN,2013,1251.209767,0.01
Benin,BEN,2014,1291.410185,0.01
Bhutan,BTN,2000,718.196337,0.17
Bhutan,BTN,2001,764.4328082,0.14
Bhutan,BTN,2002,845.5006721,0.29
Bhutan,BTN,2003,962.0953713,0.52
Bhutan,BTN,2004,1068.431811,0.96
Bhutan,BTN,2005,1228.432356,0.73
Bhutan,BTN,2006,1330.977444,0.29
Bhutan,BTN,2007,1757.190496,0.16
Bhutan,BTN,2008,1828.154677,0.21
Bhutan,BTN,2009,1819.19731,0.17
Bhutan,BTN,2010,2258.186435,0.28
Bhutan,BTN,2011,2563.261224,0.23
Bhutan,BTN,2012,2538.949519,0.01
Bhutan,BTN,2013,2472.724753,0.01
Bhutan,BTN,2014,2652.225654,0.01
Bosnia and Herzegovina,BIH,2000,1484.176056,3.64
Bosnia and Herzegovina,BIH,2001,1544.602075,3.85
Bosnia and Herzegovina,BIH,2002,1789.857691,3.84
Bosnia and Herzegovina,BIH,2003,2258.946452,4.14
Bosnia and Herzegovina,BIH,2004,2698.46718,4.25
Bosnia and Herzegovina,BIH,2005,2980.601268,4.56
Bosnia and Herzegovina,BIH,2006,3416.512376,4.82
Bosnia and Herzegovina,BIH,2007,4193.368011,5.16
Bosnia and Herzegovina,BIH,2008,5090.945834,5.13
Bosnia and Herzegovina,BIH,2009,4714.693746,4.75
Bosnia and Herzegovina,BIH,2010,4635.510195,4.54
Bosnia and Herzegovina,BIH,2011,5092.554723,4.64
Bosnia and Herzegovina,BIH,2012,4777.066914,4.61
Bosnia and Herzegovina,BIH,2013,5129.663534,4.12
Bosnia and Herzegovina,BIH,2014,5330.355075,4.03
Botswana,BWA,2000,3522.310821,5.37
Botswana,BWA,2001,3278.016079,5.48
Botswana,BWA,2002,3190.624811,6.41
Botswana,BWA,2003,4330.972369,5.51
Botswana,BWA,2004,5073.520408,4.9
Botswana,BWA,2005,5513.331063,6.37
Botswana,BWA,2006,5521.990608,6.45
Botswana,BWA,2007,5832.737052,6.21
Botswana,BWA,2008,5713.543931,6.56
Botswana,BWA,2009,5255.776533,5.01
Botswana,BWA,2010,6434.812485,5.99
Botswana,BWA,2011,7617.310041,5.76
Botswana,BWA,2012,7050.573472,0.01
Botswana,BWA,2013,7224.912737,0.01
Botswana,BWA,2014,7495.220866,0.01
Brazil,BRA,2000,3749.910848,7.26
Brazil,BRA,2001,3160.249345,7.13
Brazil,BRA,2002,2839.491501,7
Brazil,BRA,2003,3070.436419,6.95
Brazil,BRA,2004,3637.31389,6.85
Brazil,BRA,2005,4790.456566,6.97
Brazil,BRA,2006,5886.391522,7.1
Brazil,BRA,2007,7348.187963,7.19
Brazil,BRA,2008,8831.183643,7.21
Brazil,BRA,2009,8597.794335,7.33
Brazil,BRA,2010,11286.07154,7.52
Brazil,BRA,2011,13245.38737,7.58
Brazil,BRA,2012,12370.22325,7.55
Brazil,BRA,2013,12300.38671,7.24
Brazil,BRA,2014,12112.83496,7.32
Brunei Darussalam,BRN,2000,18012.50219,0.37
Brunei Darussalam,BRN,2001,16472.00329,0.47
Brunei Darussalam,BRN,2002,16850.39408,0.13
Brunei Darussalam,BRN,2003,18560.5035,0.12
Brunei Darussalam,BRN,2004,21902.02712,0.11
Brunei Darussalam,BRN,2005,26105.42203,0.16
Brunei Darussalam,BRN,2006,30979.96284,0.67
Brunei Darussalam,BRN,2007,32663.39237,0.85
Brunei Darussalam,BRN,2008,37934.67645,0.67
Brunei Darussalam,BRN,2009,27956.00514,0.25
Brunei Darussalam,BRN,2010,35270.64214,0.88
Brunei Darussalam,BRN,2011,47055.96064,0.97
Brunei Darussalam,BRN,2012,47739.55769,0.01
Brunei Darussalam,BRN,2013,44740.85942,0.01
Brunei Darussalam,BRN,2014,41725.86752,0.01
Bulgaria,BGR,2000,1621.242961,9.69
Bulgaria,BGR,2001,1770.913534,10.72
Bulgaria,BGR,2002,2092.957694,10.2
Bulgaria,BGR,2003,2719.497656,11.19
Bulgaria,BGR,2004,3389.707049,10.96
Bulgaria,BGR,2005,3899.907638,10.48
Bulgaria,BGR,2006,4523.050833,10.39
Bulgaria,BGR,2007,5885.104348,10.89
Bulgaria,BGR,2008,7265.735497,10.98
Bulgaria,BGR,2009,6988.233325,10.93
Bulgaria,BGR,2010,6853.002854,10.8
Bulgaria,BGR,2011,7849.165283,10.67
Bulgaria,BGR,2012,7432.478766,10.99
Bulgaria,BGR,2013,7681.93462,12.06
Bulgaria,BGR,2014,7901.785876,12.03
Burkina Faso,BFA,2000,255.7186873,3.71
Burkina Faso,BFA,2001,267.0975996,4.56
Burkina Faso,BFA,2002,294.6653885,4.53
Burkina Faso,BFA,2003,374.627358,4.58
Burkina Faso,BFA,2004,418.3766603,4.54
Burkina Faso,BFA,2005,457.9334308,4.88
Burkina Faso,BFA,2006,473.4498682,4.73
Burkina Faso,BFA,2007,535.0622795,4.58
Burkina Faso,BFA,2008,643.404581,4.5
Burkina Faso,BFA,2009,624.1751645,4.55
Burkina Faso,BFA,2010,647.8360955,4.55
Burkina Faso,BFA,2011,751.1727704,4.51
Burkina Faso,BFA,2012,758.000427,4.75
Burkina Faso,BFA,2013,787.4694383,4.64
Burkina Faso,BFA,2014,792.8462374,0.01
Burundi,BDI,2000,136.4639708,6.61
Burundi,BDI,2001,134.3634269,6.09
Burundi,BDI,2002,123.1175361,5.98
Burundi,BDI,2003,113.5672513,5.84
Burundi,BDI,2004,128.3367028,5.72
Burundi,BDI,2005,151.6815663,5.54
Burundi,BDI,2006,167.3764625,4.5
Burundi,BDI,2007,172.4955966,4.54
Burundi,BDI,2008,198.3528517,4.33
Burundi,BDI,2009,212.1370572,4.05
Burundi,BDI,2010,234.2355389,4.16
Burundi,BDI,2011,249.5779794,4.16
Burundi,BDI,2012,252.3588707,0.01
Burundi,BDI,2013,256.9756526,0.01
Burundi,BDI,2014,274.8578362,0.01
Cabo Verde,CPV,2000,1259.353067,3.49
Cabo Verde,CPV,2001,1292.226512,3.81
Cabo Verde,CPV,2002,1401.891073,3.82
Cabo Verde,CPV,2003,1809.11003,4.16
Cabo Verde,CPV,2004,2024.266381,4.19
Cabo Verde,CPV,2005,2099.148417,4.26
Cabo Verde,CPV,2006,2361.380101,4.25
Cabo Verde,CPV,2007,3186.779935,5.28
Cabo Verde,CPV,2008,3721.219993,4.16
Cabo Verde,CPV,2009,3517.430156,4.45
Cabo Verde,CPV,2010,3378.323433,4.75
Cabo Verde,CPV,2011,3740.374103,5.07
Cabo Verde,CPV,2012,3447.4831,0.01
Cabo Verde,CPV,2013,3616.03557,0.01
Cabo Verde,CPV,2014,3588.625584,0.01
Cambodia,KHM,2000,300.613679,1.51
Cambodia,KHM,2001,321.1502236,1.71
Cambodia,KHM,2002,338.9874773,1.43
Cambodia,KHM,2003,362.3354822,1.44
Cambodia,KHM,2004,408.5136388,1.38
Cambodia,KHM,2005,474.1111921,1.99
Cambodia,KHM,2006,539.7503289,2.03
Cambodia,KHM,2007,631.5252576,2.08
Cambodia,KHM,2008,745.609127,2.24
Cambodia,KHM,2009,738.0547312,2.13
Cambodia,KHM,2010,785.5026671,2.2
Cambodia,KHM,2011,882.275614,2.12
Cambodia,KHM,2012,950.880346,0.01
Cambodia,KHM,2013,1013.420536,0.01
Cambodia,KHM,2014,1093.495976,0.01
Cameroon,CMR,2000,681.102043,3.91
Cameroon,CMR,2001,687.6481344,4.43
Cameroon,CMR,2002,759.1118514,4.58
Cameroon,CMR,2003,950.5648637,4.64
Cameroon,CMR,2004,1090.785332,4.71
Cameroon,CMR,2005,1100.174926,5.03
Cameroon,CMR,2006,1147.4366,5.22
Cameroon,CMR,2007,1277.516807,5.44
Cameroon,CMR,2008,1439.547804,5.9
Cameroon,CMR,2009,1411.474572,5.89
Cameroon,CMR,2010,1352.302275,6.15
Cameroon,CMR,2011,1465.145788,6.19
Cameroon,CMR,2012,1403.522915,0.01
Cameroon,CMR,2013,1527.751257,0.01
Cameroon,CMR,2014,1604.214035,0.01
Canada,CAN,2000,24271.00206,7.6
Canada,CAN,2001,23822.06012,7.6
Canada,CAN,2002,24255.33858,7.7
Canada,CAN,2003,28300.4631,7.7
Canada,CAN,2004,32143.68141,7.8
Canada,CAN,2005,36382.50792,8
Canada,CAN,2006,40504.06073,8.2
Canada,CAN,2007,44659.89514,8.3
Canada,CAN,2008,46710.50558,8.3
Canada,CAN,2009,40876.31015,8.4
Canada,CAN,2010,47562.08343,8.4
Canada,CAN,2011,52223.69611,8.2
Canada,CAN,2012,52669.08996,8.3
Canada,CAN,2013,52635.17496,8.2
Canada,CAN,2014,50955.99832,8.1
Central African Republic,CAF,2000,251.2072914,1.51
Central African Republic,CAF,2001,250.3571459,1.52
Central African Republic,CAF,2002,260.7454587,1.47
Central African Republic,CAF,2003,293.661549,1.49
Central African Republic,CAF,2004,320.7368123,1.5
Central African Republic,CAF,2005,331.1630882,1.5
Central African Republic,CAF,2006,354.6708633,1.54
Central African Republic,CAF,2007,404.3745429,1.5
Central African Republic,CAF,2008,464.5612047,1.52
Central African Republic,CAF,2009,474.7056275,1.56
Central African Republic,CAF,2010,488.4217358,1.67
Central African Republic,CAF,2011,551.7497219,1.66
Central African Republic,CAF,2012,565.8012071,0.01
Central African Republic,CAF,2013,380.2979111,0.01
Central African Republic,CAF,2014,424.4491317,0.01
Chad,TCD,2000,166.1757089,0.25
Chad,TCD,2001,197.1460821,0.3
Chad,TCD,2002,221.4165369,0.36
Chad,TCD,2003,292.6008802,0.42
Chad,TCD,2004,454.3363652,0.34
Chad,TCD,2005,658.566973,0.42
Chad,TCD,2006,710.3963987,0.41
Chad,TCD,2007,799.603742,0.42
Chad,TCD,2008,929.3827519,0.45
Chad,TCD,2009,803.6863884,0.47
Chad,TCD,2010,892.5688697,0.5
Chad,TCD,2011,984.7361305,0.56
Chad,TCD,2012,967.3529488,0.62
Chad,TCD,2013,979.8117426,0.64
Chad,TCD,2014,1020.287979,0.01
Chile,CHL,2000,5074.902616,6.24
Chile,CHL,2001,4574.594716,6.1
Chile,CHL,2002,4446.249371,6.06
Chile,CHL,2003,4772.563723,6.37
Chile,CHL,2004,6194.85272,6.32
Chile,CHL,2005,7598.528877,7.57
Chile,CHL,2006,9464.548507,7.33
Chile,CHL,2007,10502.35071,7.39
Chile,CHL,2008,10751.4816,7.31
Chile,CHL,2009,10208.90797,7.67
Chile,CHL,2010,12808.03834,7.93
Chile,CHL,2011,14637.23344,7.26
Chile,CHL,2012,15351.54074,6.76
Chile,CHL,2013,15842.93648,7.2
Chile,CHL,2014,14670.98891,7.16
China,CHN,2000,959.3724836,3.06
China,CHN,2001,1053.108243,2.84
China,CHN,2002,1148.50829,2.91
China,CHN,2003,1288.643252,2.96
China,CHN,2004,1508.668098,3.04
China,CHN,2005,1753.417829,2.92
China,CHN,2006,2099.229435,3.28
China,CHN,2007,2693.970063,3.88
China,CHN,2008,3468.304602,4.27
China,CHN,2009,3832.236432,4.88
China,CHN,2010,4550.453108,5.75
China,CHN,2011,5614.352135,5.63
China,CHN,2012,6300.615118,5.74
China,CHN,2013,7020.338485,5.79
China,CHN,2014,7636.116601,5.78
Colombia,COL,2000,2520.481089,4.66
Colombia,COL,2001,2439.682456,4.43
Colombia,COL,2002,2396.627127,4.45
Colombia,COL,2003,2281.401762,4.25
Colombia,COL,2004,2782.623185,4.26
Colombia,COL,2005,3414.465158,4.38
Colombia,COL,2006,3741.092837,4.53
Colombia,COL,2007,4714.073055,4.66
Colombia,COL,2008,5472.53653,4.45
Colombia,COL,2009,5193.241458,4.34
Colombia,COL,2010,6336.709474,4.28
Colombia,COL,2011,7335.166934,4.37
Colombia,COL,2012,8050.255372,4.44
Colombia,COL,2013,8218.347844,4.41
Colombia,COL,2014,8114.343921,4.38
Comoros,COM,2000,647.4258118,0.09
Comoros,COM,2001,680.9055728,0.08
Comoros,COM,2002,747.9888625,0.08
Comoros,COM,2003,937.7108963,0.26
Comoros,COM,2004,1061.075548,0.27
Comoros,COM,2005,1069.029426,0.24
Comoros,COM,2006,1114.945281,0.25
Comoros,COM,2007,1240.092528,0.16
Comoros,COM,2008,1393.216032,0.12
Comoros,COM,2009,1344.730406,0.17
Comoros,COM,2010,1316.491213,0.15
Comoros,COM,2011,1447.945144,0.12
Comoros,COM,2012,1403.360252,0.01
Comoros,COM,2013,1505.337292,0.01
Comoros,COM,2014,1513.830379,0.01
Costa Rica,CRI,2000,3789.053886,4.34
Costa Rica,CRI,2001,3960.307703,4.29
Costa Rica,CRI,2002,4042.705686,4.17
Costa Rica,CRI,2003,4147.824369,4.04
Costa Rica,CRI,2004,4404.711884,4.09
Costa Rica,CRI,2005,4676.379366,4.1
Costa Rica,CRI,2006,5227.465952,4.15
Costa Rica,CRI,2007,6103.741917,4.2
Costa Rica,CRI,2008,6901.388306,4.22
Costa Rica,CRI,2009,6801.036735,4.07
Costa Rica,CRI,2010,8227.127494,3.58
Costa Rica,CRI,2011,9229.834517,3.41
Costa Rica,CRI,2012,10075.00462,3.34
Costa Rica,CRI,2013,10744.09102,3.42
Costa Rica,CRI,2014,10847.16967,3.45
Croatia,HRV,2000,4887.713716,12.73
Croatia,HRV,2001,5412.925136,13.15
Croatia,HRV,2002,6293.225299,13.39
Croatia,HRV,2003,8129.794584,13.78
Croatia,HRV,2004,9747.440771,13.11
Croatia,HRV,2005,10621.50746,11.59
Croatia,HRV,2006,11797.47447,11.83
Croatia,HRV,2007,14046.31681,12.56
Croatia,HRV,2008,16416.58681,12.06
Croatia,HRV,2009,14653.04355,12.21
Croatia,HRV,2010,14067.52312,12.1
Croatia,HRV,2011,14757.18034,12.19
Croatia,HRV,2012,13401.65662,11.49
Croatia,HRV,2013,13837.73164,12.39
Croatia,HRV,2014,13762.37286,12.14
Cuba,CUB,2000,2747.100303,3.92
Cuba,CUB,2001,2837.73573,4.04
Cuba,CUB,2002,2999.241763,4.1
Cuba,CUB,2003,3197.133185,4.39
Cuba,CUB,2004,3395.710843,4.38
Cuba,CUB,2005,3786.66345,4.48
Cuba,CUB,2006,4683.569067,4.17
Cuba,CUB,2007,5208.718388,4.13
Cuba,CUB,2008,5411.269492,4.26
Cuba,CUB,2009,5529.669375,4.01
Cuba,CUB,2010,5730.354264,4.13
Cuba,CUB,2011,6139.718783,4.14
Cuba,CUB,2012,6497.314764,4.16
Cuba,CUB,2013,6837.71168,4.18
Cuba,CUB,2014,7133.337679,4.37
Cyprus,CYP,2000,14388.34806,9.56
Cyprus,CYP,2001,14821.44682,10.16
Cyprus,CYP,2002,16093.21461,11.68
Cyprus,CYP,2003,20252.23898,10.62
Cyprus,CYP,2004,23792.62136,13.03
Cyprus,CYP,2005,24959.25917,11.41
Cyprus,CYP,2006,26729.3234,11.47
Cyprus,CYP,2007,31244.92622,11.56
Cyprus,CYP,2008,35397.36368,12.01
Cyprus,CYP,2009,32109.24251,10.8
Cyprus,CYP,2010,31023.63833,11.32
Cyprus,CYP,2011,32396.38574,10.69
Cyprus,CYP,2012,28912.15694,10.55
Cyprus,CYP,2013,27729.1927,9.04
Cyprus,CYP,2014,27163.33297,0.01
Denmark,DNK,2000,30743.54768,11.69
Denmark,DNK,2001,30751.65435,11.56
Denmark,DNK,2002,33228.69354,11.34
Denmark,DNK,2003,40458.7774,11.54
Denmark,DNK,2004,46511.59833,11.27
Denmark,DNK,2005,48799.8256,11.28
Denmark,DNK,2006,52026.99951,11.02
Denmark,DNK,2007,58487.05497,10.99
Denmark,DNK,2008,64322.0635,10.7
Denmark,DNK,2009,58163.27688,10.08
Denmark,DNK,2010,58041.39844,10.28
Denmark,DNK,2011,61753.64713,10.47
Denmark,DNK,2012,58507.50805,9.26
Denmark,DNK,2013,61191.1937,9.5
Denmark,DNK,2014,62548.98473,9.64
Djibouti,DJI,2000,768.1835703,1.34
Djibouti,DJI,2001,780.9039613,0.95
Djibouti,DJI,2002,791.3841807,1.03
Djibouti,DJI,2003,818.8687857,1.02
Djibouti,DJI,2004,863.2360874,1.18
Djibouti,DJI,2005,904.7366795,1.23
Djibouti,DJI,2006,967.6795838,1.02
Djibouti,DJI,2007,1052.719117,0.45
Djibouti,DJI,2008,1223.852363,0.49
Djibouti,DJI,2009,1267.317394,0.49
Djibouti,DJI,2010,1343.275125,0.44
Djibouti,DJI,2011,1451.548081,0.39
Djibouti,DJI,2012,1559.240651,0.52
Djibouti,DJI,2013,2312.720948,0.53
Djibouti,DJI,2014,2464.294905,0.38
Dominican Republic,DOM,2000,2869.178139,6.58
Dominican Republic,DOM,2001,2977.43451,6.13
Dominican Republic,DOM,2002,3110.325447,6.43
Dominican Republic,DOM,2003,2418.350422,6.32
Dominican Republic,DOM,2004,2487.329061,5.16
Dominican Republic,DOM,2005,3932.784407,5.71
Dominican Republic,DOM,2006,4109.033591,6.2
Dominican Republic,DOM,2007,4707.795052,6.05
Dominican Republic,DOM,2008,5087.983213,6.12
Dominican Republic,DOM,2009,5039.403122,6.05
Dominican Republic,DOM,2010,5555.392014,6.02
Dominican Republic,DOM,2011,5913.426649,5.91
Dominican Republic,DOM,2012,6110.366576,5.93
Dominican Republic,DOM,2013,6238.132367,5.93
Dominican Republic,DOM,2014,6608.825501,5.92
Ecuador,ECU,2000,1445.279324,3.99
Ecuador,ECU,2001,1894.616196,4.13
Ecuador,ECU,2002,2172.101877,3.88
Ecuador,ECU,2003,2425.851842,3.69
Ecuador,ECU,2004,2691.277685,3.65
Ecuador,ECU,2005,3002.138604,3.54
Ecuador,ECU,2006,3328.884156,3.52
Ecuador,ECU,2007,3567.837186,3.63
Ecuador,ECU,2008,4249.01897,3.76
Ecuador,ECU,2009,4231.619235,3.87
Ecuador,ECU,2010,4633.591284,3.95
Ecuador,ECU,2011,5200.555108,3.99
Ecuador,ECU,2012,5682.046108,3.92
Ecuador,ECU,2013,6056.331213,3.77
Ecuador,ECU,2014,6377.093929,3.82
El Salvador,SLV,2000,2001.540049,2.79
El Salvador,SLV,2001,2072.301591,2.88
El Salvador,SLV,2002,2124.10182,2.97
El Salvador,SLV,2003,2209.497245,3.1
El Salvador,SLV,2004,2278.43033,2.9
El Salvador,SLV,2005,2428.568879,2.77
El Salvador,SLV,2006,2631.822739,2.77
El Salvador,SLV,2007,2786.157774,2.83
El Salvador,SLV,2008,2933.39424,2.68
El Salvador,SLV,2009,2858.483344,2.55
El Salvador,SLV,2010,2983.228806,2.36
El Salvador,SLV,2011,3266.010978,2.37
El Salvador,SLV,2012,3428.409332,2.48
El Salvador,SLV,2013,3509.526536,2.42
El Salvador,SLV,2014,3589.042885,2.52
Equatorial Guinea,GNQ,2000,1725.557584,4.46
Equatorial Guinea,GNQ,2001,2313.165937,5.07
Equatorial Guinea,GNQ,2002,2744.191483,6.01
Equatorial Guinea,GNQ,2003,3618.544476,7.13
Equatorial Guinea,GNQ,2004,6152.131238,6.28
Equatorial Guinea,GNQ,2005,10963.40638,7.19
Equatorial Guinea,GNQ,2006,12857.36882,7.28
Equatorial Guinea,GNQ,2007,15908.41119,6.86
Equatorial Guinea,GNQ,2008,22942.6101,8.34
Equatorial Guinea,GNQ,2009,16668.1217,7.97
Equatorial Guinea,GNQ,2010,17288.8426,9.93
Equatorial Guinea,GNQ,2011,21641.6939,10.99
Equatorial Guinea,GNQ,2012,21711.15159,11.89
Equatorial Guinea,GNQ,2013,20390.73727,10.72
Equatorial Guinea,GNQ,2014,19394.08066,0.01
Eritrea,ERI,2000,308.1341868,0.83
Eritrea,ERI,2001,316.8239534,0.61
Eritrea,ERI,2002,293.9556724,0.83
Eritrea,ERI,2003,334.5855715,0.56
Eritrea,ERI,2004,407.769077,0.64
Eritrea,ERI,2005,388.5959475,1.07
Eritrea,ERI,2006,415.0360305,0.97
Eritrea,ERI,2007,439.8321034,1.23
Eritrea,ERI,2008,450.6323989,0.49
Eritrea,ERI,2009,595.1099872,0.63
Eritrea,ERI,2010,501.355317,0.61
Eritrea,ERI,2011,642.5082588,0.62
Estonia,EST,2000,4070.609024,0.01
Estonia,EST,2001,4505.858332,0.01
Estonia,EST,2002,5341.628947,11.48
Estonia,EST,2003,7203.523038,11.64
Estonia,EST,2004,8914.103557,15.07
Estonia,EST,2005,10412.64431,15.52
Estonia,EST,2006,12639.40007,16.58
Estonia,EST,2007,16744.58445,17.87
Estonia,EST,2008,18204.96648,16.99
Estonia,EST,2009,14711.73527,15.04
Estonia,EST,2010,14663.04461,14.97
Estonia,EST,2011,17464.92008,0.01
Estonia,EST,2012,17404.2008,0.01
Estonia,EST,2013,19050.58592,0.01
Estonia,EST,2014,20234.11742,0.01
Ethiopia,ETH,2000,124.4607909,0.88
Ethiopia,ETH,2001,120.7657837,0.85
Ethiopia,ETH,2002,111.9272251,0.8
Ethiopia,ETH,2003,119.490396,0.79
Ethiopia,ETH,2004,136.46625,0.86
Ethiopia,ETH,2005,162.4327286,0.99
Ethiopia,ETH,2006,194.6874329,1.22
Ethiopia,ETH,2007,244.2860523,1.06
Ethiopia,ETH,2008,326.4368228,1.13
Ethiopia,ETH,2009,380.5690032,1.17
Ethiopia,ETH,2010,341.5541227,1.34
Ethiopia,ETH,2011,354.4795719,1.32
Ethiopia,ETH,2012,467.0778718,1.84
Ethiopia,ETH,2013,499.5315302,1.86
Ethiopia,ETH,2014,566.9264029,0.01
Fiji,FJI,2000,2069.317455,2.05
Fiji,FJI,2001,2030.246351,1.93
Fiji,FJI,2002,2248.714191,1.85
Fiji,FJI,2003,2818.91392,1.76
Fiji,FJI,2004,3311.159895,1.63
Fiji,FJI,2005,3627.632856,2.02
Fiji,FJI,2006,3715.932657,2.06
Fiji,FJI,2007,4040.152119,2.09
Fiji,FJI,2008,4167.694935,1.95
Fiji,FJI,2009,3362.820495,2.31
Fiji,FJI,2010,3652.535933,2.25
Fiji,FJI,2011,4371.447385,0.01
Fiji,FJI,2012,4591.577015,0.01
Fiji,FJI,2013,4840.72727,0.01
Fiji,FJI,2014,5605.609148,0.01
Finland,FIN,2000,24285.46682,8.59
Finland,FIN,2001,24946.18919,8.94
Finland,FIN,2002,26869.6749,9.25
Finland,FIN,2003,32855.13263,9.31
Finland,FIN,2004,37702.84538,9.89
Finland,FIN,2005,39040.28888,9.95
Finland,FIN,2006,41188.0937,10.15
Finland,FIN,2007,48414.84509,10.45
Finland,FIN,2008,53554.03892,10.26
Finland,FIN,2009,47293.99283,9.96
Finland,FIN,2010,46459.97325,9.72
Finland,FIN,2011,51081.99767,9.81
Finland,FIN,2012,47710.79022,9.24
Finland,FIN,2013,49878.04324,8.97
Finland,FIN,2014,50260.29986,8.8
France,FRA,2000,22364.02939,13.63
France,FRA,2001,22433.55498,13.89
France,FRA,2002,24177.33556,13.78
France,FRA,2003,29568.3888,13.49
France,FRA,2004,33741.26192,13.18
France,FRA,2005,34760.18502,12.2
France,FRA,2006,36443.62631,12.4
France,FRA,2007,41508.43269,12.2
France,FRA,2008,45334.11796,11.9
France,FRA,2009,41575.42196,11.8
France,FRA,2010,40638.33525,11.7
France,FRA,2011,43790.72602,11.8
France,FRA,2012,40874.70039,11.5
France,FRA,2013,42592.93539,11.1
France,FRA,2014,43011.2631,11.5
Gabon,GAB,2000,4135.99238,8.87
Gabon,GAB,2001,3993.031336,9.29
Gabon,GAB,2002,4141.434366,8.34
Gabon,GAB,2003,4933.46217,6.47
Gabon,GAB,2004,5739.613204,8.13
Gabon,GAB,2005,6891.36192,7.72
Gabon,GAB,2006,7221.369877,8.01
Gabon,GAB,2007,8458.309179,9.02
Gabon,GAB,2008,10254.17196,8.75
Gabon,GAB,2009,7721.018953,8.64
Gabon,GAB,2010,8849.322608,8.85
Gabon,GAB,2011,10809.68495,8.9
Gabon,GAB,2012,9813.505747,8.3
Gabon,GAB,2013,9683.58162,8.86
Gabon,GAB,2014,9663.42411,0.01
Georgia,GEO,2000,749.908535,3.28
Georgia,GEO,2001,801.9904139,2.76
Georgia,GEO,2002,853.5164537,2.72
Georgia,GEO,2003,1010.00798,3.36
Georgia,GEO,2004,1305.047486,3.74
Georgia,GEO,2005,1642.760938,4.7
Georgia,GEO,2006,1996.057129,6.18
Georgia,GEO,2007,2635.353882,8.65
Georgia,GEO,2008,3324.735879,7.17
Georgia,GEO,2009,2822.66743,6.66
Georgia,GEO,2010,3233.295943,7.24
Georgia,GEO,2011,4021.743306,8.14
Georgia,GEO,2012,4421.818242,7.71
Georgia,GEO,2013,4623.745725,5.91
Georgia,GEO,2014,4739.188338,6.13
Germany,DEU,2000,23635.92922,12.91
Germany,DEU,2001,23607.88286,12.46
Germany,DEU,2002,25077.72908,12.25
Germany,DEU,2003,30243.57653,11.92
Germany,DEU,2004,34044.05363,11.83
Germany,DEU,2005,34507.36881,11.67
Germany,DEU,2006,36323.44774,11.76
Germany,DEU,2007,41587.2129,11.5
Germany,DEU,2008,45427.15168,11.36
Germany,DEU,2009,41485.90165,11.22
Germany,DEU,2010,41531.9342,11.2
Germany,DEU,2011,46644.77603,11.2
Germany,DEU,2012,43858.36306,11.18
Germany,DEU,2013,46285.76407,10.94
Germany,DEU,2014,47959.99327,11.03
Ghana,GHA,2000,258.4710399,1.6
Ghana,GHA,2001,269.0149848,1.49
Ghana,GHA,2002,304.564636,1.6
Ghana,GHA,2003,367.8213621,1.53
Ghana,GHA,2004,417.5080667,1.46
Ghana,GHA,2005,492.5440562,1.5
Ghana,GHA,2006,913.3938493,1.7
Ghana,GHA,2007,1081.166318,1.25
Ghana,GHA,2008,1217.064435,1.78
Ghana,GHA,2009,1077.662058,1.76
Ghana,GHA,2010,1299.345212,1.69
Ghana,GHA,2011,1549.462719,1.64
Ghana,GHA,2012,1587.560932,0.01
Ghana,GHA,2013,2361.090324,0.01
Ghana,GHA,2014,2012.264247,0.01
Greece,GRC,2000,12042.95371,8.48
Greece,GRC,2001,12538.17887,8.62
Greece,GRC,2002,14110.31337,8.09
Greece,GRC,2003,18477.57836,9.46
Greece,GRC,2004,21955.10414,9.56
Greece,GRC,2005,22551.73577,9.95
Greece,GRC,2006,24801.15778,9.42
Greece,GRC,2007,28827.32639,9.67
Greece,GRC,2008,31997.28202,9.51
Greece,GRC,2009,29710.97023,9.08
Greece,GRC,2010,26690.60742,9
Greece,GRC,2011,25450.53412,8.02
Greece,GRC,2012,21914.25173,8.2
Greece,GRC,2013,21781.59535,7.46
Greece,GRC,2014,21587.95755,7.53
Grenada,GRD,2000,5056.977259,9.4
Grenada,GRD,2001,5041.012235,9.61
Grenada,GRD,2002,5213.795649,10.71
Grenada,GRD,2003,5682.705378,9.75
Grenada,GRD,2004,5741.653658,8.43
Grenada,GRD,2005,6645.985549,8.8
Grenada,GRD,2006,6658.223586,9.06
Grenada,GRD,2007,7212.986819,9.06
Grenada,GRD,2008,7832.349081,8.92
Grenada,GRD,2009,7290.834938,8.42
Grenada,GRD,2010,7258.166561,7.91
Grenada,GRD,2011,7291.74167,7.84
Grenada,GRD,2012,7444.089075,8.07
Grenada,GRD,2013,7789.632355,8.25
Grenada,GRD,2014,8370.040472,8.42
Guatemala,GTM,2000,1664.298958,2.63
Guatemala,GTM,2001,1550.360366,2.53
Guatemala,GTM,2002,1682.994501,2.41
Guatemala,GTM,2003,1737.879287,2.45
Guatemala,GTM,2004,1859.098363,2.4
Guatemala,GTM,2005,2068.500129,2.35
Guatemala,GTM,2006,2251.087963,2.38
Guatemala,GTM,2007,2490.749127,2.4
Guatemala,GTM,2008,2802.461962,2.21
Guatemala,GTM,2009,2651.817123,2.14
Guatemala,GTM,2010,2852.547327,2.14
Guatemala,GTM,2011,3228.045741,2.16
Guatemala,GTM,2012,3355.036919,2.02
Guatemala,GTM,2013,3522.773706,1.93
Guatemala,GTM,2014,3779.642336,1.88
Guinea,GIN,2000,363.4822793,0.17
Guinea,GIN,2001,336.1540207,0.17
Guinea,GIN,2002,343.6026312,0.21
Guinea,GIN,2003,393.7396899,0.18
Guinea,GIN,2004,407.3009759,0.34
Guinea,GIN,2005,322.41554,0.21
Guinea,GIN,2006,453.4037133,0.16
Guinea,GIN,2007,659.992931,0.19
Guinea,GIN,2008,715.0965267,0.21
Guinea,GIN,2009,674.0854826,0.18
Guinea,GIN,2010,672.4249304,0.2
Guinea,GIN,2011,651.1361134,0.22
Guinea,GIN,2012,717.0505359,0.01
Guinea,GIN,2013,769.0031667,0.01
Guinea,GIN,2014,787.2385644,0.01
Guinea-Bissau,GNB,2000,308.9103184,2.84
Guinea-Bissau,GNB,2001,319.9574494,2.55
Guinea-Bissau,GNB,2002,333.0585793,2.47
Guinea-Bissau,GNB,2003,372.0561949,2.16
Guinea-Bissau,GNB,2004,405.0751184,2.58
Guinea-Bissau,GNB,2005,436.4752202,3.1
Guinea-Bissau,GNB,2006,430.0039403,3.22
Guinea-Bissau,GNB,2007,493.7219932,2.98
Guinea-Bissau,GNB,2008,599.9952372,2.64
Guinea-Bissau,GNB,2009,559.4145709,2.55
Guinea-Bissau,GNB,2010,558.1746681,3.21
Guinea-Bissau,GNB,2011,703.6605673,3.57
Guinea-Bissau,GNB,2012,616.375664,0.01
Guinea-Bissau,GNB,2013,634.6620391,0.01
Guinea-Bissau,GNB,2014,623.3130914,0.01
Guyana,GUY,2000,954.4003181,6.63
Guyana,GUY,2001,955.6653806,6.71
Guyana,GUY,2002,974.9491933,7.73
Guyana,GUY,2003,997.2113729,7.93
Guyana,GUY,2004,1056.423886,7.84
Guyana,GUY,2005,1105.506825,7.35
Guyana,GUY,2006,3188.67316,7.04
Guyana,GUY,2007,3658.479967,7.2
Guyana,GUY,2008,4050.786237,7.32
Guyana,GUY,2009,4233.766143,7.49
Guyana,GUY,2010,4580.698762,7.52
Guyana,GUY,2011,4908.566448,7.56
Guyana,GUY,2012,5378.810878,7.57
Guyana,GUY,2013,5489.140726,7.56
Guyana,GUY,2014,5407.147366,7.64
Haiti,HTI,2000,805.0256325,4.79
Haiti,HTI,2001,735.5211179,6.22
Haiti,HTI,2002,692.0301629,6.1
Haiti,HTI,2003,542.3335961,6.64
Haiti,HTI,2004,667.2825464,6.1
Haiti,HTI,2005,781.2766578,5.57
Haiti,HTI,2006,804.5245119,6.18
Haiti,HTI,2007,1002.888487,6.08
Haiti,HTI,2008,1086.938192,5.95
Haiti,HTI,2009,1183.604854,5.85
Haiti,HTI,2010,1191.972664,5.76
Haiti,HTI,2011,1287.95465,5.68
Haiti,HTI,2012,1337.335946,5.68
Haiti,HTI,2013,1432.837618,5.68
Haiti,HTI,2014,1435.13647,0.01
Honduras,HND,2000,1080.510472,2.61
Honduras,HND,2001,1120.54996,2.74
Honduras,HND,2002,1122.0886,3.09
Honduras,HND,2003,1145.497946,3.04
Honduras,HND,2004,1204.479826,3.02
Honduras,HND,2005,1296.694784,3.23
Honduras,HND,2006,1420.134396,3.23
Honduras,HND,2007,1572.064888,3.16
Honduras,HND,2008,1727.793682,3.14
Honduras,HND,2009,1777.272802,3.08
Honduras,HND,2010,1891.158589,3.1
Honduras,HND,2011,2073.90437,3.1
Honduras,HND,2012,2129.521439,3.11
Honduras,HND,2013,2088.097206,3.11
Honduras,HND,2014,2190.653139,2.87
Hungary,HUN,2000,4624.281657,12.22
Hungary,HUN,2001,5276.033189,13.18
Hungary,HUN,2002,6655.333009,13.29
Hungary,HUN,2003,8421.103313,13.24
Hungary,HUN,2004,10303.70419,13.28
Hungary,HUN,2005,11225.93258,12.94
Hungary,HUN,2006,11493.10041,13.16
Hungary,HUN,2007,13944.97101,12.55
Hungary,HUN,2008,15777.19202,11.64
Hungary,HUN,2009,13081.79264,11.46
Hungary,HUN,2010,13223.083,10.78
Hungary,HUN,2011,14240.2575,11.51
Hungary,HUN,2012,12989.18028,11.27
Hungary,HUN,2013,13719.95054,10.88
Hungary,HUN,2014,14298.83367,0.01
Iceland,ISL,2000,32096.37226,6.17
Iceland,ISL,2001,28897.44394,6.37
Iceland,ISL,2002,32409.21615,6.61
Iceland,ISL,2003,39476.69785,6.61
Iceland,ISL,2004,47334.93065,6.79
Iceland,ISL,2005,56794.85016,7.05
Iceland,ISL,2006,57492.93425,7.2
Iceland,ISL,2007,69495.72674,7.53
Iceland,ISL,2008,56943.37045,8.49
Iceland,ISL,2009,41301.27322,10.22
Iceland,ISL,2010,43237.07295,8.25
Iceland,ISL,2011,47714.59223,8.13
Iceland,ISL,2012,45995.54788,7.81
Iceland,ISL,2013,49804.983,7.31
Iceland,ISL,2014,54576.74481,7.45
India,IND,2000,443.3141938,0.93
India,IND,2001,451.5729973,1
India,IND,2002,470.9867868,1.1
India,IND,2003,546.7266135,1.19
India,IND,2004,627.7742417,1.2
India,IND,2005,714.8610154,1.27
India,IND,2006,806.7532806,1.37
India,IND,2007,1028.334772,1.59
India,IND,2008,998.5223415,1.93
India,IND,2009,1101.960838,2.5
India,IND,2010,1357.563727,2.77
India,IND,2011,1458.104066,3
India,IND,2012,1443.882435,3.1
India,IND,2013,1449.610451,3.11
India,IND,2014,1573.885642,3.07
Indonesia,IDN,2000,780.1902047,0.06
Indonesia,IDN,2001,748.2576087,0.06
Indonesia,IDN,2002,900.1775881,0.05
Indonesia,IDN,2003,1065.64852,0.05
Indonesia,IDN,2004,1150.261367,0.06
Indonesia,IDN,2005,1263.287332,0.06
Indonesia,IDN,2006,1589.801489,0.06
Indonesia,IDN,2007,1860.002811,0.06
Indonesia,IDN,2008,2166.854231,0.07
Indonesia,IDN,2009,2261.247309,0.08
Indonesia,IDN,2010,3122.362673,0.08
Indonesia,IDN,2011,3643.047176,0.08
Indonesia,IDN,2012,3694.35934,0.08
Indonesia,IDN,2013,3623.927241,0.09
Indonesia,IDN,2014,3491.637491,0.09
Iraq,IRQ,2000,2058.264401,0.2
Iraq,IRQ,2001,1494.388802,0.17
Iraq,IRQ,2002,1320.734706,0.15
Iraq,IRQ,2003,854.8252808,0.07
Iraq,IRQ,2004,1391.963489,0.32
Iraq,IRQ,2005,1855.522348,0.18
Iraq,IRQ,2006,2373.209448,0.03
Iraq,IRQ,2007,3182.841351,0.14
Iraq,IRQ,2008,4636.639325,0.17
Iraq,IRQ,2009,3853.82862,0.2
Iraq,IRQ,2010,4657.280269,0.19
Iraq,IRQ,2011,6045.494567,0.17
Iraq,IRQ,2012,6836.073995,0.01
Iraq,IRQ,2013,7076.552265,0.01
Iraq,IRQ,2014,6637.684375,0.01
Ireland,IRL,2000,26269.18162,14.07
Ireland,IRL,2001,28257.93859,14.27
Ireland,IRL,2002,32550.27907,14.17
Ireland,IRL,2003,41112.74822,13.24
Ireland,IRL,2004,47666.54708,13.32
Ireland,IRL,2005,50914.03129,13.31
Ireland,IRL,2006,54283.68178,13.44
Ireland,IRL,2007,61318.46603,13.59
Ireland,IRL,2008,61103.51347,12.66
Ireland,IRL,2009,51927.23096,11.41
Ireland,IRL,2010,48607.94052,11.88
Ireland,IRL,2011,52108.83323,11.72
Ireland,IRL,2012,49028.82739,11.49
Ireland,IRL,2013,51518.3881,10.49
Ireland,IRL,2014,55525.89725,10.75
Israel,ISR,2000,21061.48228,2.53
Israel,ISR,2001,20316.24805,2.53
Israel,ISR,2002,18439.64616,2.47
Israel,ISR,2003,18991.37985,2.32
Israel,ISR,2004,19910.61067,2.23
Israel,ISR,2005,20585.13861,2.41
Israel,ISR,2006,21853.14024,2.23
Israel,ISR,2007,24952.54759,2.33
Israel,ISR,2008,29650.77025,2.47
Israel,ISR,2009,27780.46372,2.55
Israel,ISR,2010,30780.02382,2.63
Israel,ISR,2011,33775.512,2.67
Israel,ISR,2012,32667.60687,2.78
Israel,ISR,2013,36499.45611,2.69
Israel,ISR,2014,37847.64994,2.62
Italy,ITA,2000,20087.59199,9.78
Italy,ITA,2001,20483.21599,9.69
Italy,ITA,2002,22270.14412,9.25
Italy,ITA,2003,27465.6753,9.3
Italy,ITA,2004,31259.7165,8.98
Italy,ITA,2005,32043.14037,8.65
Italy,ITA,2006,33501.65817,8.44
Italy,ITA,2007,37822.66524,8.37
Italy,ITA,2008,40778.34274,7.96
Italy,ITA,2009,37079.75867,7.25
Italy,ITA,2010,36000.52012,6.95
Italy,ITA,2011,38599.06221,6.98
Italy,ITA,2012,35053.52624,7.49
Italy,ITA,2013,35549.9747,7.35
Italy,ITA,2014,35518.41529,7.56
Jamaica,JAM,2000,3392.123878,3.46
Jamaica,JAM,2001,3437.655517,3.89
Jamaica,JAM,2002,3609.203331,3.76
Jamaica,JAM,2003,3480.511665,3.48
Jamaica,JAM,2004,3733.798671,3.67
Jamaica,JAM,2005,4103.601637,3.59
Jamaica,JAM,2006,4331.292053,3.63
Jamaica,JAM,2007,4623.747897,3.64
Jamaica,JAM,2008,4928.126409,3.51
Jamaica,JAM,2009,4335.178411,3.33
Jamaica,JAM,2010,4704.04776,3.55
Jamaica,JAM,2011,5111.465987,3.58
Jamaica,JAM,2012,5209.859264,3.65
Jamaica,JAM,2013,4989.734089,3.79
Jamaica,JAM,2014,4834.284009,3.83
Japan,JPN,2000,39169.35957,7.97
Japan,JPN,2001,34406.18246,8.03
Japan,JPN,2002,32820.79364,7.87
Japan,JPN,2003,35387.03742,7.83
Japan,JPN,2004,38298.98017,7.7
Japan,JPN,2005,37812.89502,7.99
Japan,JPN,2006,35991.546,7.49
Japan,JPN,2007,35779.02454,7.29
Japan,JPN,2008,39876.30397,7.11
Japan,JPN,2009,41308.99684,7.09
Japan,JPN,2010,44968.15623,6.9
Japan,JPN,2011,48760.07895,7.39
Japan,JPN,2012,49145.28043,7.39
Japan,JPN,2013,40898.6479,7.55
Japan,JPN,2014,38475.39525,0.01
Jordan,JOR,2000,1651.621798,0.49
Jordan,JOR,2001,1720.361427,0.55
Jordan,JOR,2002,1802.055064,0.54
Jordan,JOR,2003,1876.259338,0.54
Jordan,JOR,2004,2044.963723,0.54
Jordan,JOR,2005,2183.394643,0.55
Jordan,JOR,2006,2513.028732,0.59
Jordan,JOR,2007,2735.378767,0.6
Jordan,JOR,2008,3455.769953,0.61
Jordan,JOR,2009,3559.692102,0.59
Jordan,JOR,2010,3736.645462,0.51
Jordan,JOR,2011,3852.890025,0.43
Jordan,JOR,2012,3910.346894,0.41
Jordan,JOR,2013,4044.426869,0.4
Jordan,JOR,2014,4131.44735,0.41
Kazakhstan,KAZ,2000,1229.001247,6
Kazakhstan,KAZ,2001,1490.92709,5.75
Kazakhstan,KAZ,2002,1658.030785,5.99
Kazakhstan,KAZ,2003,2068.123979,6.58
Kazakhstan,KAZ,2004,2874.288483,6.55
Kazakhstan,KAZ,2005,3771.278957,6.94
Kazakhstan,KAZ,2006,5291.575305,7.08
Kazakhstan,KAZ,2007,6771.414797,7.44
Kazakhstan,KAZ,2008,8458.017154,7.6
Kazakhstan,KAZ,2009,7165.223175,6.64
Kazakhstan,KAZ,2010,9070.488253,6.83
Kazakhstan,KAZ,2011,11634.0012,6.63
Kazakhstan,KAZ,2012,12386.69927,6.82
Kazakhstan,KAZ,2013,13890.63096,6.48
Kazakhstan,KAZ,2014,12807.26069,6.29
Kenya,KEN,2000,397.4826588,1.51
Kenya,KEN,2001,395.3294716,1.63
Kenya,KEN,2002,389.5426302,1.66
Kenya,KEN,2003,429.787819,1.49
Kenya,KEN,2004,451.6687666,1.43
Kenya,KEN,2005,511.6163943,1.82
Kenya,KEN,2006,685.9544229,1.76
Kenya,KEN,2007,825.666555,1.97
Kenya,KEN,2008,902.0699578,1.71
Kenya,KEN,2009,1035.338787,1.86
Kenya,KEN,2010,1080.296184,1.73
Kenya,KEN,2011,1085.487152,1.8
Kenya,KEN,2012,1271.815383,1.81
Kenya,KEN,2013,1354.820833,1.84
Kenya,KEN,2014,1462.220052,0.01
Kiribati,KIR,2000,796.8032036,0.46
Kiribati,KIR,2001,735.0691064,0.6
Kiribati,KIR,2002,826.9168653,0.49
Kiribati,KIR,2003,1015.667006,0.5
Kiribati,KIR,2004,1131.152504,0.48
Kiribati,KIR,2005,1214.635603,0.6
Kiribati,KIR,2006,1168.473302,0.76
Kiribati,KIR,2007,1374.395199,0.68
Kiribati,KIR,2008,1428.134977,0.46
Kiribati,KIR,2009,1312.023443,0.54
Kiribati,KIR,2010,1516.76323,0.48
Kiribati,KIR,2011,1734.903839,0.53
Kiribati,KIR,2012,1788.691439,0.01
Kiribati,KIR,2013,1715.814321,0.01
Kiribati,KIR,2014,1642.820129,0.01
Kuwait,KWT,2000,18440.37852,0.01
Kuwait,KWT,2001,16587.24865,0.01
Kuwait,KWT,2002,17846.37616,0.01
Kuwait,KWT,2003,22148.37815,0.03
Kuwait,KWT,2004,27011.654,0.02
Kuwait,KWT,2005,35591.03713,0.01
Kuwait,KWT,2006,42781.56475,0.01
Kuwait,KWT,2007,45782.14857,0.03
Kuwait,KWT,2008,55494.9301,0.03
Kuwait,KWT,2009,37561.72593,0.1
Kuwait,KWT,2010,38577.49828,0.01
Kuwait,KWT,2011,48631.7834,0.02
Kuwait,KWT,2012,51979.12069,0.01
Kuwait,KWT,2013,49388.05338,0.01
Kuwait,KWT,2014,44062.34091,0.01
Latvia,LVA,2000,3361.640869,7.13
Latvia,LVA,2001,3578.0019,6.68
Latvia,LVA,2002,4136.933297,7.44
Latvia,LVA,2003,5145.195232,8.24
Latvia,LVA,2004,6378.666521,8.81
Latvia,LVA,2005,7594.902384,9.92
Latvia,LVA,2006,9723.446902,10.4
Latvia,LVA,2007,14113.52913,12.12
Latvia,LVA,2008,16467.14369,11.84
Latvia,LVA,2009,12331.92855,9.85
Latvia,LVA,2010,11420.994,9.8
Latvia,LVA,2011,13338.96224,10.14
Latvia,LVA,2012,13847.33794,10.21
Latvia,LVA,2013,15007.49186,10.37
Latvia,LVA,2014,15721.45233,0.01
Lebanon,LBN,2000,4491.641934,2.26
Lebanon,LBN,2001,4422.389292,2.19
Lebanon,LBN,2002,4579.459593,1.98
Lebanon,LBN,2003,4576.387617,2.19
Lebanon,LBN,2004,4630.790585,2.1
Lebanon,LBN,2005,4575.107459,1.94
Lebanon,LBN,2006,4626.853003,1.82
Lebanon,LBN,2007,5207.792723,1.72
Lebanon,LBN,2008,6111.327281,1.67
Lebanon,LBN,2009,7354.953605,1.62
Lebanon,LBN,2010,7761.641489,1.58
Lebanon,LBN,2011,7675.30894,1.57
Lebanon,LBN,2012,7952.151266,1.53
Lebanon,LBN,2013,7933.23332,1.29
Lebanon,LBN,2014,7687.759336,1.32
Lesotho,LSO,2000,436.4881373,3.1
Lesotho,LSO,2001,405.6057121,2.86
Lesotho,LSO,2002,382.1896086,2.95
Lesotho,LSO,2003,573.6517781,1.99
Lesotho,LSO,2004,753.3759044,1.8
Lesotho,LSO,2005,842.812631,2.67
Lesotho,LSO,2006,904.6061298,2.61
Lesotho,LSO,2007,846.5423208,2.69
Lesotho,LSO,2008,889.1342855,2.75
Lesotho,LSO,2009,874.7298605,2.75
Lesotho,LSO,2010,1119.843641,2.71
Lesotho,LSO,2011,1287.269536,2.39
Lesotho,LSO,2012,1229.636232,0.01
Lesotho,LSO,2013,1166.911756,0.01
Lesotho,LSO,2014,1194.575627,0.01
Liberia,LBR,2000,306.8338642,4.46
Liberia,LBR,2001,306.7102516,4.4
Liberia,LBR,2002,306.4739396,4.27
Liberia,LBR,2003,243.0895775,4.21
Liberia,LBR,2004,286.0647253,4.24
Liberia,LBR,2005,294.8932201,4.19
Liberia,LBR,2006,336.1156743,4.05
Liberia,LBR,2007,396.6017613,4.03
Liberia,LBR,2008,478.3995401,3.88
Liberia,LBR,2009,470.9481214,3.75
Liberia,LBR,2010,513.4455667,3.64
Liberia,LBR,2011,596.8966353,3.72
Liberia,LBR,2012,675.0101918,0.01
Liberia,LBR,2013,747.8686601,0.01
Liberia,LBR,2014,739.911935,0.01
Libya,LBY,2000,7142.771786,0.01
Libya,LBY,2001,6266.489821,0.01
Libya,LBY,2002,3703.042952,0.01
Libya,LBY,2003,4673.145576,0.01
Libya,LBY,2004,5800.588826,0.01
Libya,LBY,2005,8163.00937,0.01
Libya,LBY,2006,9336.353498,0.01
Libya,LBY,2007,11300.19323,0.01
Libya,LBY,2008,14382.59529,0.01
Libya,LBY,2009,10275.26154,0.01
Libya,LBY,2010,12064.77291,0.01
Libya,LBY,2011,5554.180053,0.01
Libya,LBY,2012,13025.27932,0.01
Libya,LBY,2013,10363.80425,0.01
Libya,LBY,2014,6466.908237,0.01
Lithuania,LTU,2000,3293.229979,9.87
Lithuania,LTU,2001,3525.793632,10.2
Lithuania,LTU,2002,4141.592702,11
Lithuania,LTU,2003,5499.428989,11.29
Lithuania,LTU,2004,6700.327192,12.1
Lithuania,LTU,2005,7854.765279,12.3
Lithuania,LTU,2006,9230.707981,12.7
Lithuania,LTU,2007,12285.44705,13.4
Lithuania,LTU,2008,14944.99665,13.3
Lithuania,LTU,2009,11820.77616,12.4
Lithuania,LTU,2010,11987.50841,12.9
Lithuania,LTU,2011,14376.94786,12.66
Lithuania,LTU,2012,14367.70942,15.14
Lithuania,LTU,2013,15729.65247,15.04
Lithuania,LTU,2014,16551.0182,15.19
Luxembourg,LUX,2000,48538.7829,13.14
Luxembourg,LUX,2001,48398.22929,12.89
Luxembourg,LUX,2002,52754.27325,12.91
Luxembourg,LUX,2003,65544.59195,12.61
Luxembourg,LUX,2004,76404.41504,12.42
Luxembourg,LUX,2005,80957.94128,11.84
Luxembourg,LUX,2006,90712.79929,11.98
Luxembourg,LUX,2007,107338.8652,11.75
Luxembourg,LUX,2008,119932.2437,11.53
Luxembourg,LUX,2009,108987.6776,11.42
Luxembourg,LUX,2010,110777.9079,11.36
Luxembourg,LUX,2011,118869.2999,11.5
Luxembourg,LUX,2012,112591.1162,11.34
Luxembourg,LUX,2013,119966.0349,11.02
Luxembourg,LUX,2014,123514.1967,11.12
Madagascar,MDG,2000,293.6071574,1.16
Madagascar,MDG,2001,334.4416177,1.05
Madagascar,MDG,2002,319.2163788,0.9
Madagascar,MDG,2003,368.7972369,0.93
Madagascar,MDG,2004,284.4877263,0.81
Madagascar,MDG,2005,319.5374751,0.72
Madagascar,MDG,2006,338.7511983,0.68
Madagascar,MDG,2007,438.6555158,0.71
Madagascar,MDG,2008,536.3514017,0.68
Madagascar,MDG,2009,467.5397834,0.91
Madagascar,MDG,2010,471.9592116,1.03
Madagascar,MDG,2011,531.2654321,0.97
Madagascar,MDG,2012,518.1528127,0.87
Madagascar,MDG,2013,541.0659437,0.87
Madagascar,MDG,2014,530.8610389,0.01
Malawi,MWI,2000,156.3858168,1.18
Malawi,MWI,2001,150.1489426,1.15
Malawi,MWI,2002,298.4334104,1.1
Malawi,MWI,2003,267.3990119,1.08
Malawi,MWI,2004,282.5671076,1.11
Malawi,MWI,2005,289.5552148,1.04
Malawi,MWI,2006,308.1636182,1.18
Malawi,MWI,2007,332.2590946,1.18
Malawi,MWI,2008,387.6057212,1.27
Malawi,MWI,2009,438.2118568,1.16
Malawi,MWI,2010,478.6686885,1.08
Malawi,MWI,2011,534.9510502,1.23
Malawi,MWI,2012,391.5617052,0.01
Malawi,MWI,2013,348.4298737,0.01
Malawi,MWI,2014,371.2695217,0.01
Malaysia,MYS,2000,4043.662923,0.54
Malaysia,MYS,2001,3913.429386,0.53
Malaysia,MYS,2002,4165.726104,0.49
Malaysia,MYS,2003,4461.847325,0.48
Malaysia,MYS,2004,4952.213958,0.49
Malaysia,MYS,2005,5587.02478,0.46
Malaysia,MYS,2006,6209.126167,0.42
Malaysia,MYS,2007,7243.456801,0.43
Malaysia,MYS,2008,8474.587762,0.47
Malaysia,MYS,2009,7292.494973,0.47
Malaysia,MYS,2010,9040.568495,0.49
Malaysia,MYS,2011,10399.37021,0.51
Malaysia,MYS,2012,10817.43171,0.53
Malaysia,MYS,2013,10970.1043,0.53
Malaysia,MYS,2014,11319.06194,0.52
Maldives,MDV,2000,2234.595861,1.83
Maldives,MDV,2001,3038.781417,1.98
Maldives,MDV,2002,3049.207981,1.95
Maldives,MDV,2003,3476.006273,1.75
Maldives,MDV,2004,3941.431136,1.6
Maldives,MDV,2005,3640.012132,1.47
Maldives,MDV,2006,4809.93374,1.62
Maldives,MDV,2007,5574.401981,1.78
Maldives,MDV,2008,6614.23618,1.76
Maldives,MDV,2009,6636.543871,1.59
Maldives,MDV,2010,7076.739821,1.83
Maldives,MDV,2011,7291.465967,1.92
Maldives,MDV,2012,7265.723399,0.01
Maldives,MDV,2013,7928.476443,0.01
Maldives,MDV,2014,8499.307148,0.01
Mali,MLI,2000,270.542236,0.47
Mali,MLI,2001,307.7048595,0.51
Mali,MLI,2002,336.4187392,0.53
Mali,MLI,2003,393.4050091,0.54
Mali,MLI,2004,440.9567771,0.49
Mali,MLI,2005,489.0213369,0.55
Mali,MLI,2006,523.0386031,0.53
Mali,MLI,2007,597.4844576,0.55
Mali,MLI,2008,697.0878685,0.57
Mali,MLI,2009,701.7171134,0.59
Mali,MLI,2010,710.2742494,0.6
Mali,MLI,2011,837.605821,0.61
Mali,MLI,2012,778.6252695,0.01
Mali,MLI,2013,805.0339796,0.01
Mali,MLI,2014,848.279043,0.01
Malta,MLT,2000,10432.32812,5.59
Malta,MLT,2001,10402.23337,5.62
Malta,MLT,2002,11289.88984,5.73
Malta,MLT,2003,13669.49712,6.7
Malta,MLT,2004,15197.05671,6.53
Malta,MLT,2005,15888.17232,6.41
Malta,MLT,2006,16723.88418,8.84
Malta,MLT,2007,19485.87119,7.45
Malta,MLT,2008,22205.35681,7.14
Malta,MLT,2009,21083.27715,7.38
Malta,MLT,2010,21799.17426,7.91
Malta,MLT,2011,23155.55479,6.91
Malta,MLT,2012,22527.63676,7.67
Malta,MLT,2013,24771.07658,8.58
Malta,MLT,2014,26754.26845,8.49
Mauritania,MRT,2000,676.5690224,0.03
Mauritania,MRT,2001,646.1151155,0.01
Mauritania,MRT,2002,639.6675829,0.02
Mauritania,MRT,2003,717.8998676,0.01
Mauritania,MRT,2004,803.7779156,0.01
Mauritania,MRT,2005,970.8423607,0.01
Mauritania,MRT,2006,1259.541505,0.01
Mauritania,MRT,2007,1357.124285,0.02
Mauritania,MRT,2008,1579.511548,0.02
Mauritania,MRT,2009,1389.338533,0.01
Mauritania,MRT,2010,1610.921603,0.01
Mauritania,MRT,2011,1879.772472,0.01
Mauritania,MRT,2012,1815.218939,0.01
Mauritania,MRT,2013,1892.094,0.01
Mauritania,MRT,2014,1677.109019,0.01
Mauritius,MUS,2000,3929.075495,4.6
Mauritius,MUS,2001,3856.625227,4.38
Mauritius,MUS,2002,4018.948897,4.14
Mauritius,MUS,2003,4793.718179,4.08
Mauritius,MUS,2004,5388.065784,4.16
Mauritius,MUS,2005,5282.906022,3.94
Mauritius,MUS,2006,5695.969327,3.73
Mauritius,MUS,2007,6574.654338,3.24
Mauritius,MUS,2008,8030.063005,2.49
Mauritius,MUS,2009,7318.12641,2.83
Mauritius,MUS,2010,8000.376432,2.95
Mauritius,MUS,2011,9197.026972,3.03
Mauritius,MUS,2012,9291.227619,0.01
Mauritius,MUS,2013,9637.00265,0.01
Mauritius,MUS,2014,10153.93822,0.01
Mexico,MEX,2000,7157.8145,4.99
Mexico,MEX,2001,7544.568723,4.86
Mexico,MEX,2002,7593.137345,4.77
Mexico,MEX,2003,7075.369643,4.88
Mexico,MEX,2004,7484.486399,4.9
Mexico,MEX,2005,8277.671564,4.93
Mexico,MEX,2006,9068.294218,5.11
Mexico,MEX,2007,9642.680517,5.35
Mexico,MEX,2008,10016.57121,5.36
Mexico,MEX,2009,8002.972178,5.27
Mexico,MEX,2010,9271.398396,5.21
Mexico,MEX,2011,10203.4213,5.3
Mexico,MEX,2012,10241.72783,5.29
Mexico,MEX,2013,10725.18359,5.23
Mexico,MEX,2014,10928.91601,5.26
Mongolia,MNG,2000,474.2170943,2.79
Mongolia,MNG,2001,524.0540084,2.87
Mongolia,MNG,2002,571.594979,2.43
Mongolia,MNG,2003,646.192471,1.31
Mongolia,MNG,2004,797.9777263,1.75
Mongolia,MNG,2005,998.829388,2.75
Mongolia,MNG,2006,1334.212724,2.91
Mongolia,MNG,2007,1632.727582,3.79
Mongolia,MNG,2008,2136.562402,4.26
Mongolia,MNG,2009,1714.361827,4.61
Mongolia,MNG,2010,2643.287083,5.8
Mongolia,MNG,2011,3757.565415,0.01
Mongolia,MNG,2012,4351.888461,0.01
Mongolia,MNG,2013,4366.089537,0.01
Mongolia,MNG,2014,4158.521471,0.01
Montenegro,MNE,2000,1627.072633,0.01
Montenegro,MNE,2001,1909.598702,0.01
Montenegro,MNE,2002,2106.635068,0.01
Montenegro,MNE,2003,2789.159065,0.01
Montenegro,MNE,2004,3380.165121,0.01
Montenegro,MNE,2006,4425.678873,5.38
Montenegro,MNE,2007,5976.394145,4.98
Montenegro,MNE,2008,7367.751909,6.17
Montenegro,MNE,2009,6727.107767,6.45
Montenegro,MNE,2010,6688.4824,6.56
Montenegro,MNE,2011,7328.932252,6.56
Montenegro,MNE,2012,6586.721279,0.01
Montenegro,MNE,2013,7186.429787,0.01
Montenegro,MNE,2014,7378.345289,0.01
Morocco,MAR,2000,1334.943464,0.45
Morocco,MAR,2001,1339.294077,0.46
Morocco,MAR,2002,1416.488396,0.46
Morocco,MAR,2003,1725.457466,0.58
Morocco,MAR,2004,1952.902534,0.56
Morocco,MAR,2005,2018.025547,0.47
Morocco,MAR,2006,2196.011276,0.58
Morocco,MAR,2007,2499.259938,0.56
Morocco,MAR,2008,2890.360715,0.51
Morocco,MAR,2009,2866.92411,0.62
Morocco,MAR,2010,2839.92612,0.56
Morocco,MAR,2011,3046.947854,0.54
Morocco,MAR,2012,2912.658275,0.55
Morocco,MAR,2013,3121.680081,0.45
Morocco,MAR,2014,3171.699192,0.43
Mozambique,MOZ,2000,319.3596208,1.14
Mozambique,MOZ,2001,296.2684069,2.09
Mozambique,MOZ,2002,302.5452337,2.16
Mozambique,MOZ,2003,326.0751909,1.68
Mozambique,MOZ,2004,383.2702219,1.54
Mozambique,MOZ,2005,416.8098242,1.23
Mozambique,MOZ,2006,435.3340633,1.2
Mozambique,MOZ,2007,482.1985636,1.03
Mozambique,MOZ,2008,563.6496343,1.48
Mozambique,MOZ,2009,520.4026316,1.18
Mozambique,MOZ,2010,471.9043433,0.96
Mozambique,MOZ,2011,594.5861471,0.94
Mozambique,MOZ,2012,657.6446765,1.19
Mozambique,MOZ,2013,664.0775104,1.16
Mozambique,MOZ,2014,673.969212,0.01
Myanmar,MMR,2000,146.6045788,0.35
Myanmar,MMR,2001,131.7153072,0.38
Myanmar,MMR,2002,128.0997081,0.41
Myanmar,MMR,2003,161.0555236,0.4
Myanmar,MMR,2004,193.3687658,0.44
Myanmar,MMR,2005,216.3115014,0.28
Myanmar,MMR,2006,240.6240142,0.28
Myanmar,MMR,2007,314.2022942,0.26
Myanmar,MMR,2008,460.9088892,0.3
Myanmar,MMR,2009,586.1681802,0.28
Myanmar,MMR,2010,746.94536,0.3
Myanmar,MMR,2011,1061.344429,0.33
Myanmar,MMR,2012,1134.302224,0.55
Myanmar,MMR,2013,1168.1654,0.7
Myanmar,MMR,2014,1210.097636,0.01
Namibia,NAM,2000,2185.604115,5.73
Namibia,NAM,2001,1950.648536,5.09
Namibia,NAM,2002,1808.884899,5.09
Namibia,NAM,2003,2621.700395,5.28
Namibia,NAM,2004,3464.418226,4.8
Namibia,NAM,2005,3739.531717,4.89
Namibia,NAM,2006,4059.101348,4.94
Namibia,NAM,2007,4405.410399,5.12
Namibia,NAM,2008,4212.367197,6.28
Namibia,NAM,2009,4295.387143,7.99
Namibia,NAM,2010,5394.996712,7.58
Namibia,NAM,2011,5806.748246,7.84
Namibia,NAM,2012,5942.29274,0.01
Namibia,NAM,2013,5392.094938,0.01
Namibia,NAM,2014,5469.9014,0.01
Nepal,NPL,2000,229.4903926,0.08
Nepal,NPL,2001,246.7255581,0.09
Nepal,NPL,2002,244.7208435,0.19
Nepal,NPL,2003,252.4023518,0.2
Nepal,NPL,2004,286.1576726,0.21
Nepal,NPL,2005,315.80563,0.2
Nepal,NPL,2006,346.9453313,0.2
Nepal,NPL,2007,391.3800572,0.2
Nepal,NPL,2008,470.455459,0.21
Nepal,NPL,2009,478.1732528,0.22
Nepal,NPL,2010,592.4012071,0.24
Nepal,NPL,2011,799.5833769,0.27
Nepal,NPL,2012,804.1416073,0.26
Nepal,NPL,2013,823.3598746,0.27
Nepal,NPL,2014,844.8531248,0.01
Netherlands,NLD,2000,26149.41108,10.06
Netherlands,NLD,2001,26873.27593,9.95
Netherlands,NLD,2002,29204.03983,9.68
Netherlands,NLD,2003,35672.2066,9.56
Netherlands,NLD,2004,40362.39478,9.56
Netherlands,NLD,2005,41979.05585,9.69
Netherlands,NLD,2006,44863.35063,9.79
Netherlands,NLD,2007,51733.44213,9.53
Netherlands,NLD,2008,57644.47997,9.62
Netherlands,NLD,2009,52514.02712,9.23
Netherlands,NLD,2010,50950.03434,9.33
Netherlands,NLD,2011,54159.34661,8.96
Netherlands,NLD,2012,50073.00566,9.05
Netherlands,NLD,2013,52184.06185,8.68
Netherlands,NLD,2014,52830.17423,0.01
New Zealand,NZL,2000,13641.10272,8.91
New Zealand,NZL,2001,13882.85683,8.75
New Zealand,NZL,2002,16874.18749,9.13
New Zealand,NZL,2003,21913.70817,8.91
New Zealand,NZL,2004,25420.23488,9.15
New Zealand,NZL,2005,27751.06547,9.31
New Zealand,NZL,2006,26654.5932,9.34
New Zealand,NZL,2007,32479.98174,9.19
New Zealand,NZL,2008,31252.96256,9.49
New Zealand,NZL,2009,28209.36233,9.24
New Zealand,NZL,2010,33676.77412,9.62
New Zealand,NZL,2011,38387.62708,9.47
New Zealand,NZL,2012,39973.38076,9.2
New Zealand,NZL,2013,42976.64959,9.18
New Zealand,NZL,2014,44572.89875,9.07
New Zealand,NZL,2015,38630.72659,8.7
Nicaragua,NIC,2000,1007.499839,3.61
Nicaragua,NIC,2001,1034.551387,3.51
Nicaragua,NIC,2002,1000.936715,3.5
Nicaragua,NIC,2003,1005.733044,3.77
Nicaragua,NIC,2004,1080.269119,3.81
Nicaragua,NIC,2005,1162.289685,3.7
Nicaragua,NIC,2006,1226.644309,3.69
Nicaragua,NIC,2007,1327.966782,3.83
Nicaragua,NIC,2008,1499.25762,3.64
Nicaragua,NIC,2009,1444.36951,3.36
Nicaragua,NIC,2010,1503.864191,3.38
Nicaragua,NIC,2011,1655.802946,3.39
Nicaragua,NIC,2012,1760.460308,3.63
Nicaragua,NIC,2013,1811.636803,3.58
Nicaragua,NIC,2014,1934.062922,3.55
Niger,NER,2000,197.8326834,0.1
Niger,NER,2001,208.3770599,0.11
Niger,NER,2002,228.2359086,0.1
Niger,NER,2003,268.349893,0.1
Niger,NER,2004,286.4900658,0.11
Niger,NER,2005,321.7236612,0.11
Niger,NER,2006,336.2819503,0.11
Niger,NER,2007,390.2844802,0.1
Niger,NER,2008,478.502559,0.12
Niger,NER,2009,464.057999,0.11
Niger,NER,2010,476.8695322,0.12
Niger,NER,2011,512.595335,0.15
Niger,NER,2012,529.7444581,0.01
Niger,NER,2013,552.569139,0.01
Niger,NER,2014,564.5967488,0.01
Nigeria,NGA,2000,567.9307221,9.23
Nigeria,NGA,2001,590.381815,9.58
Nigeria,NGA,2002,741.7474939,9.61
Nigeria,NGA,2003,795.3862287,9.75
Nigeria,NGA,2004,1007.874342,9.76
Nigeria,NGA,2005,1268.383462,9.71
Nigeria,NGA,2006,1656.424794,9.66
Nigeria,NGA,2007,1883.461388,9.55
Nigeria,NGA,2008,2259.114059,9.3
Nigeria,NGA,2009,1911.607866,9.05
Nigeria,NGA,2010,2280.437337,8.9
Nigeria,NGA,2011,2487.598017,8.75
Nigeria,NGA,2012,2723.822191,8.54
Nigeria,NGA,2013,2961.549422,8.3
Nigeria,NGA,2014,3098.985791,0.01
Norway,NOR,2000,38131.46061,5.67
Norway,NOR,2001,38542.7151,5.49
Norway,NOR,2002,43084.47247,5.89
Norway,NOR,2003,50134.89077,6.04
Norway,NOR,2004,57603.83602,6.22
Norway,NOR,2005,66810.47852,6.37
Norway,NOR,2006,74148.32008,6.47
Norway,NOR,2007,85139.96045,6.6
Norway,NOR,2008,96944.09561,6.75
Norway,NOR,2009,79977.69708,6.68
Norway,NOR,2010,87693.79007,6.59
Norway,NOR,2011,100600.5624,6.53
Norway,NOR,2012,101524.1419,6.21
Norway,NOR,2013,102913.4508,6.21
Norway,NOR,2014,97019.18275,6.06
Norway,NOR,2015,74355.51586,5.97
Oman,OMN,2000,8601.271944,0.38
Oman,OMN,2001,8475.968643,0.55
Oman,OMN,2002,8626.965234,0.54
Oman,OMN,2003,9066.312371,0.56
Oman,OMN,2004,10126.13774,0.61
Oman,OMN,2005,12377.08001,0.63
Oman,OMN,2006,14420.51204,0.58
Oman,OMN,2007,15838.46956,0.57
Oman,OMN,2008,22139.74071,0.57
Oman,OMN,2009,16823.79498,0.56
Oman,OMN,2010,21369.35297,0.56
Oman,OMN,2011,23837.31094,0.54
Oman,OMN,2012,24988.01259,0.51
Oman,OMN,2013,23888.62658,0.46
Oman,OMN,2014,23017.93398,0.4
Pakistan,PAK,2000,576.1955804,0.02
Pakistan,PAK,2001,544.4942514,0.01
Pakistan,PAK,2002,534.3039007,0.01
Pakistan,PAK,2003,599.3763305,0.01
Pakistan,PAK,2004,687.8364127,0.01
Pakistan,PAK,2005,748.9225893,0.04
Pakistan,PAK,2006,836.8605262,0.03
Pakistan,PAK,2007,908.0950852,0.03
Pakistan,PAK,2008,990.8466112,0.03
Pakistan,PAK,2009,957.9956753,0.03
Pakistan,PAK,2010,987.409712,0.04
Pakistan,PAK,2011,1164.978823,0.04
Pakistan,PAK,2012,1198.117637,0.04
Pakistan,PAK,2013,1208.91771,0.04
Pakistan,PAK,2014,1251.175719,0.01
Panama,PAN,2000,4060.317793,5.58
Panama,PAN,2001,4046.429148,5.43
Panama,PAN,2002,4126.232386,5.52
Panama,PAN,2003,4267.292687,5.52
Panama,PAN,2004,4592.152614,5.69
Panama,PAN,2005,4916.907612,5.53
Panama,PAN,2006,5348.884253,5.72
Panama,PAN,2007,6166.187871,6.16
Panama,PAN,2008,7154.274501,6.74
Panama,PAN,2009,7576.140457,6.87
Panama,PAN,2010,8082.016175,6.94
Panama,PAN,2011,9358.26813,6.9
Panama,PAN,2012,10722.26147,6.95
Panama,PAN,2013,11889.09507,6.89
Panama,PAN,2014,12796.07403,6.74
Papua New Guinea,PNG,2000,602.1864903,0.73
Papua New Guinea,PNG,2001,515.6847804,0.68
Papua New Guinea,PNG,2002,491.8343081,0.61
Papua New Guinea,PNG,2003,568.2463486,0.59
Papua New Guinea,PNG,2004,618.0367032,0.58
Papua New Guinea,PNG,2005,749.1865116,0.84
Papua New Guinea,PNG,2006,1256.979648,0.64
Papua New Guinea,PNG,2007,1401.949447,0.71
Papua New Guinea,PNG,2008,1672.951024,0.81
Papua New Guinea,PNG,2009,1626.312855,0.82
Papua New Guinea,PNG,2010,1949.351185,0.79
Papua New Guinea,PNG,2011,2406.910967,0.88
Papua New Guinea,PNG,2012,2790.676303,0.01
Papua New Guinea,PNG,2013,2729.888751,0.01
Papua New Guinea,PNG,2014,2920.782986,0.01
Paraguay,PRY,2000,1663.604939,6.78
Paraguay,PRY,2001,1565.054289,6.66
Paraguay,PRY,2002,1300.852367,5.66
Paraguay,PRY,2003,1365.416418,6.64
Paraguay,PRY,2004,1679.49512,6.2
Paraguay,PRY,2005,1843.634108,6.38
Paraguay,PRY,2006,2271.088885,5.61
Paraguay,PRY,2007,2976.824014,5.61
Paraguay,PRY,2008,4047.909791,6.14
Paraguay,PRY,2009,3626.818637,5.39
Paraguay,PRY,2010,4359.428415,5.65
Paraguay,PRY,2011,5329.387437,5.79
Paraguay,PRY,2012,5185.141549,5.36
Paraguay,PRY,2013,5936.975959,5.03
Paraguay,PRY,2014,6118.31811,0.01
Peru,PER,2000,1955.588006,4.59
Peru,PER,2001,1941.475342,4.22
Peru,PER,2002,2021.240038,4.03
Peru,PER,2003,2145.643889,4.5
Peru,PER,2004,2417.034363,4.27
Peru,PER,2005,2729.499172,4.44
Peru,PER,2006,3154.331349,4.22
Peru,PER,2007,3606.070689,4.29
Peru,PER,2008,4220.616378,4.85
Peru,PER,2009,4196.311627,4.69
Peru,PER,2010,5082.353706,4.72
Peru,PER,2011,5869.323882,4.83
Peru,PER,2012,6528.971775,5.14
Peru,PER,2013,6756.752996,5.38
Peru,PER,2014,6672.877373,0.01
Philippines,PHL,2000,1072.801752,4.73
Philippines,PHL,2001,990.5659913,4.54
Philippines,PHL,2002,1036.158331,4.42
Philippines,PHL,2003,1048.008205,4.44
Philippines,PHL,2004,1121.490006,4.45
Philippines,PHL,2005,1244.348741,4.22
Philippines,PHL,2006,1452.438089,4.08
Philippines,PHL,2007,1744.639979,4.19
Philippines,PHL,2008,1998.02692,4.21
Philippines,PHL,2009,1904.196388,4.42
Philippines,PHL,2010,2217.472153,4.85
Philippines,PHL,2011,2450.735694,4.96
Philippines,PHL,2012,2694.305109,5.02
Philippines,PHL,2013,2871.429701,4.61
Philippines,PHL,2014,2959.645435,4.52
Poland,POL,2000,4501.454067,8.4
Poland,POL,2001,4991.244358,7.74
Poland,POL,2002,5207.171421,8.02
Poland,POL,2003,5701.602212,9.06
Poland,POL,2004,6681.386472,9.19
Poland,POL,2005,8021.505743,9.5
Poland,POL,2006,9035.410467,10.4
Poland,POL,2007,11254.51739,10.9
Poland,POL,2008,13996.02515,11.4
Poland,POL,2009,11526.05589,10.7
Poland,POL,2010,12613.011,10.59
Poland,POL,2011,13879.56099,10.93
Poland,POL,2012,13097.27085,10.81
Poland,POL,2013,13696.4663,11.63
Poland,POL,2014,14271.30585,10.71
Portugal,PRT,2000,11497.75346,11.89
Portugal,PRT,2001,11724.6115,12.22
Portugal,PRT,2002,12875.32079,12
Portugal,PRT,2003,15762.97579,14.21
Portugal,PRT,2004,18031.00042,13.45
Portugal,PRT,2005,18773.12536,13.33
Portugal,PRT,2006,19822.84603,13.11
Portugal,PRT,2007,22782.09462,12.57
Portugal,PRT,2008,24847.54514,12.35
Portugal,PRT,2009,23059.79745,12.03
Portugal,PRT,2010,22498.69086,12.25
Portugal,PRT,2011,23186.91313,11.92
Portugal,PRT,2012,20564.88986,11.96
Portugal,PRT,2013,21647.04181,10
Portugal,PRT,2014,22074.30076,9.88
Qatar,QAT,2000,29976.16763,0.5
Qatar,QAT,2001,28517.22084,0.76
Qatar,QAT,2002,30214.67042,0.87
Qatar,QAT,2003,34517.60321,1
Qatar,QAT,2004,42124.94084,1.11
Qatar,QAT,2005,51455.95094,1.18
Qatar,QAT,2006,59530.561,1.28
Qatar,QAT,2007,65421.37692,1.24
Qatar,QAT,2008,80234.19083,1.37
Qatar,QAT,2009,59094.65918,1.11
Qatar,QAT,2010,67403.08768,1.16
Qatar,QAT,2011,82409.94165,1.16
Qatar,QAT,2012,85075.98654,1.13
Qatar,QAT,2013,85050.68434,1.2
Qatar,QAT,2014,83858.34046,1.15
Romania,ROU,2000,1659.90764,10.16
Romania,ROU,2001,1825.179805,9.78
Romania,ROU,2002,2119.882673,9.62
Romania,ROU,2003,2679.41191,8.78
Romania,ROU,2004,3494.944517,9.82
Romania,ROU,2005,4617.929016,7.68
Romania,ROU,2006,5757.496429,8.51
Romania,ROU,2007,8360.166321,10.6
Romania,ROU,2008,10435.04398,11.9
Romania,ROU,2009,8548.118672,10.4
Romania,ROU,2010,8214.076893,9
Romania,ROU,2011,9099.217539,9.1
Romania,ROU,2012,8507.104775,9.58
Romania,ROU,2013,9547.852151,9.59
Romania,ROU,2014,10043.67745,0.01
Russian Federation,RUS,2000,1771.594059,10.18
Russian Federation,RUS,2001,2100.352512,10.47
Russian Federation,RUS,2002,2377.529577,10.87
Russian Federation,RUS,2003,2975.125353,11.32
Russian Federation,RUS,2004,4102.364833,11.5
Russian Federation,RUS,2005,5323.463083,11.57
Russian Federation,RUS,2006,6920.189125,11.79
Russian Federation,RUS,2007,9101.255049,12.19
Russian Federation,RUS,2008,11635.27293,12.04
Russian Federation,RUS,2009,8562.813277,11.21
Russian Federation,RUS,2010,10674.99578,11.05
Russian Federation,RUS,2011,14311.08432,11.04
Russian Federation,RUS,2012,15420.87454,10.99
Russian Federation,RUS,2013,15974.64463,10.58
Russian Federation,RUS,2014,14095.64874,10.12
Rwanda,RWA,2000,260.6011858,7.13
Rwanda,RWA,2001,238.7812778,5.72
Rwanda,RWA,2002,233.1512636,7.82
Rwanda,RWA,2003,249.7433131,6.66
Rwanda,RWA,2004,273.6336903,6.75
Rwanda,RWA,2005,331.6901134,7.01
Rwanda,RWA,2006,366.8943924,6.88
Rwanda,RWA,2007,438.6641845,6.78
Rwanda,RWA,2008,543.5453565,6.39
Rwanda,RWA,2009,579.726615,7.11
Rwanda,RWA,2010,609.724917,7.92
Rwanda,RWA,2011,668.4946722,8.34
Rwanda,RWA,2012,725.1697703,0.01
Rwanda,RWA,2013,722.8943285,0.01
Rwanda,RWA,2014,743.559038,0.01
Samoa,WSM,2000,1542.066736,3
Samoa,WSM,2001,1556.999425,3.43
Samoa,WSM,2002,1633.007661,3.3
Samoa,WSM,2003,1909.154441,4.17
Samoa,WSM,2004,2353.455973,3.62
Samoa,WSM,2005,2590.489858,3.63
Samoa,WSM,2006,2796.601169,3.52
Samoa,WSM,2007,3133.671327,3.85
Samoa,WSM,2008,3378.953029,3.97
Samoa,WSM,2009,3168.228207,2.88
Samoa,WSM,2010,3566.42836,3.01
Samoa,WSM,2011,3932.105847,2.15
Samoa,WSM,2012,4020.959844,0.01
Samoa,WSM,2013,4037.813829,0.01
Samoa,WSM,2014,3937.186246,0.01
Sao Tome and Principe,STP,2001,524.6698721,5.02
Sao Tome and Principe,STP,2002,577.628404,5.8
Sao Tome and Principe,STP,2003,678.7379639,6.54
Sao Tome and Principe,STP,2004,745.3202999,5.78
Sao Tome and Principe,STP,2005,866.5049956,5.27
Sao Tome and Principe,STP,2006,883.0970413,5.46
Sao Tome and Principe,STP,2007,896.8677913,4.14
Sao Tome and Principe,STP,2008,1098.755219,4.36
Sao Tome and Principe,STP,2009,1067.908053,4.13
Sao Tome and Principe,STP,2010,1090.260763,5.58
Sao Tome and Principe,STP,2011,1254.541598,5.69
Sao Tome and Principe,STP,2012,1330.620114,0.01
Sao Tome and Principe,STP,2013,1564.768548,0.01
Sao Tome and Principe,STP,2014,1770.467688,0.01
Saudi Arabia,SAU,2000,9171.331476,0.05
Saudi Arabia,SAU,2001,8684.645762,0.05
Saudi Arabia,SAU,2002,8695.396483,0.05
Saudi Arabia,SAU,2003,9609.968686,0.05
Saudi Arabia,SAU,2004,11185.13704,0.06
Saudi Arabia,SAU,2005,13791.45476,0.05
Saudi Arabia,SAU,2006,15384.73836,0.08
Saudi Arabia,SAU,2007,16516.63178,0.1
Saudi Arabia,SAU,2008,20078.26007,0.09
Saudi Arabia,SAU,2009,16113.14371,0.09
Saudi Arabia,SAU,2010,19262.5476,0.09
Saudi Arabia,SAU,2011,23745.88058,0.09
Saudi Arabia,SAU,2012,25243.602,0.09
Saudi Arabia,SAU,2013,24845.12466,0.09
Saudi Arabia,SAU,2014,24464.21256,0.09
Senegal,SEN,2000,613.7323845,0.29
Senegal,SEN,2001,648.4414733,0.34
Senegal,SEN,2002,681.3118508,0.36
Senegal,SEN,2003,831.8310403,0.33
Senegal,SEN,2004,932.1680954,0.35
Senegal,SEN,2005,992.6880581,0.33
Senegal,SEN,2006,1027.731441,0.34
Senegal,SEN,2007,1197.409561,0.32
Senegal,SEN,2008,1403.949385,0.28
Senegal,SEN,2009,1308.937808,0.3
Senegal,SEN,2010,1271.583281,0.28
Senegal,SEN,2011,1366.774501,0.32
Senegal,SEN,2012,1317.779802,0.28
Senegal,SEN,2013,1372.665779,0.26
Senegal,SEN,2014,1396.657339,0.26
Serbia,SRB,2000,914.7857199,7.38
Serbia,SRB,2001,1727.281196,7.53
Serbia,SRB,2002,2283.846685,6.95
Serbia,SRB,2003,3005.426352,7.25
Serbia,SRB,2004,3502.802924,7.42
Serbia,SRB,2005,3720.479155,9.6
Serbia,SRB,2006,4382.617279,8.58
Serbia,SRB,2007,5848.476405,9.3
Serbia,SRB,2008,7101.040141,9.54
Serbia,SRB,2009,6169.114195,9.85
Serbia,SRB,2010,5735.422857,9.65
Serbia,SRB,2011,6809.159804,9.56
Serbia,SRB,2012,6015.945228,9.38
Serbia,SRB,2013,6755.073675,9.16
Serbia,SRB,2014,6600.056809,9.09
Seychelles,SYC,2000,7578.851053,8.24
Seychelles,SYC,2001,7663.13708,6.72
Seychelles,SYC,2002,8331.261997,11.15
Seychelles,SYC,2003,8524.961236,7.41
Seychelles,SYC,2004,10176.65871,7.91
Seychelles,SYC,2005,11092.51074,7.82
Seychelles,SYC,2006,12014.39987,8.12
Seychelles,SYC,2007,12154.82994,8.12
Seychelles,SYC,2008,11122.86207,6.33
Seychelles,SYC,2009,9706.95606,4.94
Seychelles,SYC,2010,10804.68447,6.51
Seychelles,SYC,2011,12189.09516,9.72
Seychelles,SYC,2012,12006.68296,0.01
Seychelles,SYC,2013,14765.67398,0.01
Seychelles,SYC,2014,14700.33434,0.01
Sierra Leone,SLE,2000,138.6987225,3.97
Sierra Leone,SLE,2001,229.3756595,4.21
Sierra Leone,SLE,2002,252.396007,4.06
Sierra Leone,SLE,2003,266.4469054,4.07
Sierra Leone,SLE,2004,266.5693713,3.99
Sierra Leone,SLE,2005,292.3490663,3.83
Sierra Leone,SLE,2006,323.3890184,3.8
Sierra Leone,SLE,2007,360.3716605,3.86
Sierra Leone,SLE,2008,408.4810085,3.91
Sierra Leone,SLE,2009,391.200943,3.97
Sierra Leone,SLE,2010,401.8348761,3.84
Sierra Leone,SLE,2011,448.3376621,3.78
Sierra Leone,SLE,2012,566.3782351,0.01
Sierra Leone,SLE,2013,716.8358269,0.01
Sierra Leone,SLE,2014,714.6997957,0.01
Singapore,SGP,2000,23852.32703,2.03
Singapore,SGP,2001,21700.02005,2.08
Singapore,SGP,2002,22159.68886,2.16
Singapore,SGP,2003,23730.15245,1.43
Singapore,SGP,2004,27608.53737,1.45
Singapore,SGP,2005,29961.26328,1.49
Singapore,SGP,2006,33769.15416,1.55
Singapore,SGP,2007,39432.93835,1.6
Singapore,SGP,2008,40007.46926,1.7
Singapore,SGP,2009,38927.20688,1.73
Singapore,SGP,2010,47236.96023,1.84
Singapore,SGP,2011,53890.42873,1.8
Singapore,SGP,2012,55546.48854,1.89
Singapore,SGP,2013,56967.42579,1.83
Singapore,SGP,2014,57562.53079,1.83
Singapore,SGP,2015,55646.61875,1.79
Slovenia,SVN,2000,10201.30354,11.9
Slovenia,SVN,2001,10479.75963,10.8
Slovenia,SVN,2002,11777.15566,9.29
Slovenia,SVN,2003,14849.03724,11.58
Slovenia,SVN,2004,17233.13856,10
Slovenia,SVN,2005,18098.90854,11.14
Slovenia,SVN,2006,19672.96556,12.26
Slovenia,SVN,2007,23787.64656,11.02
Slovenia,SVN,2008,27483.33717,10.94
Slovenia,SVN,2009,24694.23049,10.52
Slovenia,SVN,2010,23509.54314,10.32
Slovenia,SVN,2011,25095.13229,10.61
Slovenia,SVN,2012,22643.10025,10.95
Slovenia,SVN,2013,23496.6025,9.53
Slovenia,SVN,2014,24214.92207,10.46
Solomon Islands,SLB,2000,1017.613757,0.71
Solomon Islands,SLB,2001,965.7656751,0.7
Solomon Islands,SLB,2002,795.6015338,1.08
Solomon Islands,SLB,2003,788.6131193,1.18
Solomon Islands,SLB,2004,867.1071722,1.18
Solomon Islands,SLB,2005,1014.85528,0.9
Solomon Islands,SLB,2006,1119.693297,0.99
Solomon Islands,SLB,2007,1260.289404,0.85
Solomon Islands,SLB,2008,1388.963877,1.09
Solomon Islands,SLB,2009,1428.505673,1.21
Solomon Islands,SLB,2010,1604.20583,1.1
Solomon Islands,SLB,2011,1938.891187,0.99
Solomon Islands,SLB,2012,2141.821522,0.01
Solomon Islands,SLB,2013,2248.614935,0.01
Solomon Islands,SLB,2014,2274.887866,0.01
Somalia,SOM,2013,350.1681618,0.01
Somalia,SOM,2014,374.1147807,0.01
South Africa,ZAF,2000,3374.718423,7.3
South Africa,ZAF,2001,2971.819769,7.38
South Africa,ZAF,2002,2797.087291,7.04
South Africa,ZAF,2003,4217.11478,6.93
South Africa,ZAF,2004,5409.133489,6.96
South Africa,ZAF,2005,6033.101491,8.69
South Africa,ZAF,2006,6266.533987,8.5
South Africa,ZAF,2007,6780.884555,8.48
South Africa,ZAF,2008,6350.65271,8.19
South Africa,ZAF,2009,6532.736968,7.6
South Africa,ZAF,2010,8148.961202,7.28
South Africa,ZAF,2011,8810.930651,7.38
South Africa,ZAF,2012,8222.197279,7.38
South Africa,ZAF,2013,7467.079185,7.34
South Africa,ZAF,2014,6988.808739,7.38
Spain,ESP,2000,14713.06571,11.12
Spain,ESP,2001,15355.70317,9.86
Spain,ESP,2002,17025.53198,12.26
Spain,ESP,2003,21463.44266,12.09
Spain,ESP,2004,24861.2828,11.96
Spain,ESP,2005,26419.29686,11.92
Spain,ESP,2006,28365.31349,11.86
Spain,ESP,2007,32549.97098,11.05
Spain,ESP,2008,35366.2596,10.24
Spain,ESP,2009,32042.47408,9.99
Spain,ESP,2010,30502.71971,9.78
Spain,ESP,2011,31636.44631,9.62
Spain,ESP,2012,28324.42934,9.35
Spain,ESP,2013,29059.54795,9.25
Spain,ESP,2014,29461.55033,0.01
Sri Lanka,LKA,2000,869.696285,1.45
Sri Lanka,LKA,2001,832.8035723,1.68
Sri Lanka,LKA,2002,867.4914868,1.62
Sri Lanka,LKA,2003,982.195697,1.69
Sri Lanka,LKA,2004,1065.784437,1.56
Sri Lanka,LKA,2005,1248.698185,1.97
Sri Lanka,LKA,2006,1435.816813,1.96
Sri Lanka,LKA,2007,1630.388906,2.29
Sri Lanka,LKA,2008,2037.322103,2.1
Sri Lanka,LKA,2009,2090.401826,2.05
Sri Lanka,LKA,2010,2799.648738,2.31
Sri Lanka,LKA,2011,3200.861132,3.03
Sri Lanka,LKA,2012,3350.521876,2.8
Sri Lanka,LKA,2013,3610.289363,2.56
Sri Lanka,LKA,2014,3819.25353,2.37
Sudan,SDN,2000,366.172742,1.76
Sudan,SDN,2001,456.6242379,1.81
Sudan,SDN,2002,512.4412582,1.59
Sudan,SDN,2003,586.7532114,1.74
Sudan,SDN,2004,711.9219842,1.59
Sudan,SDN,2005,914.1665223,1.55
Sudan,SDN,2006,1143.932251,1.9
Sudan,SDN,2007,1461.315914,2.01
Sudan,SDN,2008,1551.085771,2.01
Sudan,SDN,2009,1202.557881,1.99
Sudan,SDN,2010,1338.443724,1.77
Sudan,SDN,2011,1366.410905,2.12
Sudan,SDN,2012,1039.762051,0.01
Sudan,SDN,2013,1160.535552,0.01
Sudan,SDN,2014,1303.838955,0.01
Suriname,SUR,2000,2012.281651,4.29
Suriname,SUR,2001,1750.576737,4.23
Suriname,SUR,2002,2267.753984,4.41
Suriname,SUR,2003,2611.377493,4.53
Suriname,SUR,2004,3006.183233,4.55
Suriname,SUR,2005,3590.648183,4.47
Suriname,SUR,2006,5197.747907,4.52
Suriname,SUR,2007,5744.759727,4.72
Suriname,SUR,2008,6831.983622,4.94
Suriname,SUR,2009,7408.360786,5.13
Suriname,SUR,2010,8255.874872,5.26
Suriname,SUR,2011,8263.203803,5.64
Suriname,SUR,2012,9200.974786,5.73
Suriname,SUR,2013,9402.164419,6.02
Suriname,SUR,2014,9471.922001,6.32
Sweden,SWE,2000,29624.91267,6.2
Sweden,SWE,2001,27247.85773,6.6
Sweden,SWE,2002,29899.19525,6.9
Sweden,SWE,2003,37321.7979,6.9
Sweden,SWE,2004,42821.67314,6.6
Sweden,SWE,2005,43437.06312,6.5
Sweden,SWE,2006,46593.60216,6.5
Sweden,SWE,2007,53700.00534,6.9
Sweden,SWE,2008,56152.55234,6.9
Sweden,SWE,2009,46946.96027,7.3
Sweden,SWE,2010,52869.04429,7.2
Sweden,SWE,2011,60755.75955,7.4
Sweden,SWE,2012,58037.82132,7.4
Sweden,SWE,2013,61126.9432,7.3
Sweden,SWE,2014,60020.36046,7.3
Switzerland,CHE,2000,38952.0342,11.26
Switzerland,CHE,2001,39727.84667,11.12
Switzerland,CHE,2002,42578.76314,10.85
Switzerland,CHE,2003,49470.39713,10.82
Switzerland,CHE,2004,54878.471,10.55
Switzerland,CHE,2005,56546.78566,10.15
Switzerland,CHE,2006,59300.61722,10.24
Switzerland,CHE,2007,65359.51922,10.44
Switzerland,CHE,2008,74572.23237,10.29
Switzerland,CHE,2009,72083.1677,10.15
Switzerland,CHE,2010,77117.12601,10.01
Switzerland,CHE,2011,91254.03476,9.99
Switzerland,CHE,2012,86547.67089,9.86
Switzerland,CHE,2013,88109.48675,9.73
Switzerland,CHE,2014,89684.70758,9.61
Syrian Arab Republic,SYR,2000,4910.777748,1.41
Syrian Arab Republic,SYR,2001,5175.261944,1.29
Syrian Arab Republic,SYR,2002,5300.582812,1.25
Syrian Arab Republic,SYR,2003,5494.839654,1.29
Syrian Arab Republic,SYR,2004,6330.740183,0.93
Syrian Arab Republic,SYR,2005,7309.107876,0.92
Syrian Arab Republic,SYR,2006,8069.564879,0.97
Syrian Arab Republic,SYR,2007,9056.634662,0.83
Syrian Arab Republic,SYR,2008,10554.08378,0.8
Syrian Arab Republic,SYR,2009,10589.59905,0.81
Syrian Arab Republic,SYR,2010,11820.60778,0.78
Syrian Arab Republic,SYR,2011,3050.754453,0.76
Syrian Arab Republic,SYR,2012,2094.408097,0.01
Syrian Arab Republic,SYR,2013,1039.17531,0.01
Syrian Arab Republic,SYR,2014,1135.125244,0.01
Tajikistan,TJK,2000,138.4291467,0.37
Tajikistan,TJK,2001,171.0480646,0.86
Tajikistan,TJK,2002,190.0026776,0.6
Tajikistan,TJK,2003,237.7573352,0.36
Tajikistan,TJK,2004,311.6272313,0.38
Tajikistan,TJK,2005,340.5831832,0.37
Tajikistan,TJK,2006,408.8384135,0.38
Tajikistan,TJK,2007,526.6432883,0.35
Tajikistan,TJK,2008,715.8657063,0.32
Tajikistan,TJK,2009,676.1235111,0.3
Tajikistan,TJK,2010,749.5524123,0.32
Tajikistan,TJK,2011,847.3824321,0.32
Tajikistan,TJK,2012,969.2961039,0.01
Tajikistan,TJK,2013,1048.225602,0.01
Tajikistan,TJK,2014,1104.172358,0.01
Thailand,THA,2000,2007.735271,5.88
Thailand,THA,2001,1893.264239,5.92
Thailand,THA,2002,2096.187802,5.93
Thailand,THA,2003,2359.116831,6.14
Thailand,THA,2004,2660.126835,6.17
Thailand,THA,2005,2894.062656,6.26
Thailand,THA,2006,3369.543198,6.18
Thailand,THA,2007,3973.017172,6.2
Thailand,THA,2008,4379.658787,5.92
Thailand,THA,2009,4213.006654,5.88
Thailand,THA,2010,5076.339872,5.95
Thailand,THA,2011,5492.1215,6.07
Thailand,THA,2012,5860.581471,6.56
Thailand,THA,2013,6168.261356,6.5
Thailand,THA,2014,5951.883487,6.41
Timor-Leste,TLS,2000,415.0859486,0.5
Timor-Leste,TLS,2001,529.7781659,0.5
Timor-Leste,TLS,2002,508.8405861,0.48
Timor-Leste,TLS,2003,517.8269684,0.44
Timor-Leste,TLS,2004,453.5133127,0.38
Timor-Leste,TLS,2005,464.5459387,0.36
Timor-Leste,TLS,2006,446.4665297,0.04
Timor-Leste,TLS,2007,523.7376349,0.05
Timor-Leste,TLS,2008,614.435755,0.06
Timor-Leste,TLS,2009,676.6190754,0.09
Timor-Leste,TLS,2010,806.4143493,0.1
Timor-Leste,TLS,2011,936.4485956,0.5
Timor-Leste,TLS,2012,1024.172508,0.01
Timor-Leste,TLS,2013,1210.035655,0.01
Timor-Leste,TLS,2014,1232.450336,0.01
Togo,TGO,2000,302.958592,1.1
Togo,TGO,2001,292.8231035,0.95
Togo,TGO,2002,328.3981073,1
Togo,TGO,2003,396.9205798,1.02
Togo,TGO,2004,413.3298662,1.01
Togo,TGO,2005,406.562366,1.14
Togo,TGO,2006,408.0571173,1.37
Togo,TGO,2007,449.7382505,1.37
Togo,TGO,2008,546.3503702,1.33
Togo,TGO,2009,540.6087126,1.24
Togo,TGO,2010,534.0447826,1.21
Togo,TGO,2011,587.0974928,1.44
Togo,TGO,2012,571.8067239,0.01
Togo,TGO,2013,621.3988536,0.01
Togo,TGO,2014,640.9342196,0.01
Tonga,TON,2000,2091.113009,1.24
Tonga,TON,2001,1839.086867,1.35
Tonga,TON,2002,1845.669127,1.51
Tonga,TON,2003,2030.775469,1.79
Tonga,TON,2004,2301.654115,1.8
Tonga,TON,2005,2594.418739,1.57
Tonga,TON,2006,2873.076637,1.79
Tonga,TON,2007,2910.145122,2.05
Tonga,TON,2008,3331.546555,1.1
Tonga,TON,2009,3006.606344,1.08
Tonga,TON,2010,3527.952342,1.24
Tonga,TON,2011,4002.813771,0.96
Tonga,TON,2012,4581.783245,0.01
Tonga,TON,2013,4428.146521,0.01
Tonga,TON,2014,4354.24436,0.01
Trinidad and Tobago,TTO,2000,6435.134212,4.68
Trinidad and Tobago,TTO,2001,6939.828471,4.55
Trinidad and Tobago,TTO,2002,7053.087371,5.12
Trinidad and Tobago,TTO,2003,8807.866068,5.53
Trinidad and Tobago,TTO,2004,10293.86925,5.82
Trinidad and Tobago,TTO,2005,12327.28071,6.12
Trinidad and Tobago,TTO,2006,14102.59329,6.35
Trinidad and Tobago,TTO,2007,16539.89075,6.37
Trinidad and Tobago,TTO,2008,21204.00818,6.41
Trinidad and Tobago,TTO,2009,14514.24061,6.37
Trinidad and Tobago,TTO,2010,16683.39306,6.5
Trinidad and Tobago,TTO,2011,19034.12071,6.5
Trinidad and Tobago,TTO,2012,19157.45977,6.7
Trinidad and Tobago,TTO,2013,20143.54541,6.71
Trinidad and Tobago,TTO,2014,20270.93377,6.94
Tunisia,TUN,2000,2211.835015,1.21
Tunisia,TUN,2001,2253.034852,1.19
Tunisia,TUN,2002,2344.396907,1.17
Tunisia,TUN,2003,2760.405122,1.34
Tunisia,TUN,2004,3111.374381,1.36
Tunisia,TUN,2005,3193.204358,1.37
Tunisia,TUN,2006,3369.924443,1.46
Tunisia,TUN,2007,3776.332046,1.24
Tunisia,TUN,2008,4307.580023,1.37
Tunisia,TUN,2009,4128.463959,1.4
Tunisia,TUN,2010,4344.64192,1.28
Tunisia,TUN,2011,4479.930327,1.29
Tunisia,TUN,2012,4361.687736,1.3
Tunisia,TUN,2013,4444.816511,1.29
Tunisia,TUN,2014,4544.016632,1.39
Turkey,TUR,2000,4337.478003,1.54
Turkey,TUR,2001,3142.920998,1.49
Turkey,TUR,2002,3687.956093,1.47
Turkey,TUR,2003,4760.104019,1.42
Turkey,TUR,2004,6101.632117,1.35
Turkey,TUR,2005,7456.296101,1.29
Turkey,TUR,2006,8101.856924,1.29
Turkey,TUR,2007,9791.88245,1.26
Turkey,TUR,2008,10941.17215,1.39
Turkey,TUR,2009,9103.474051,1.4
Turkey,TUR,2010,10742.77498,1.49
Turkey,TUR,2011,11420.55546,1.53
Turkey,TUR,2012,11795.63346,1.54
Turkey,TUR,2013,12614.78161,1.41
Turkey,TUR,2014,12157.99043,1.45
Turkmenistan,TKM,2000,643.1909754,2.9
Turkmenistan,TKM,2001,774.482152,2.35
Turkmenistan,TKM,2002,967.8874353,2.33
Turkmenistan,TKM,2003,1283.908782,2.88
Turkmenistan,TKM,2004,1453.917784,2.86
Turkmenistan,TKM,2005,1704.41538,2.85
Turkmenistan,TKM,2006,2136.472101,2.71
Turkmenistan,TKM,2007,2600.368758,2.58
Turkmenistan,TKM,2008,3904.465301,2.4
Turkmenistan,TKM,2009,4036.456805,2.35
Turkmenistan,TKM,2010,4439.202128,2.48
Turkmenistan,TKM,2011,5649.962106,2.55
Turkmenistan,TKM,2012,6675.178055,2.75
Turkmenistan,TKM,2013,7304.285771,2.93
Turkmenistan,TKM,2014,7962.244925,2.9
Uganda,UGA,2000,261.8691416,10.47
Uganda,UGA,2001,239.473127,10.57
Uganda,UGA,2002,245.5000403,10.42
Uganda,UGA,2003,254.3012043,10.16
Uganda,UGA,2004,296.0142675,9.89
Uganda,UGA,2005,333.7315763,10.09
Uganda,UGA,2006,349.2171001,9.81
Uganda,UGA,2007,403.6637446,9.65
Uganda,UGA,2008,474.5179496,9.79
Uganda,UGA,2009,799.9658963,9.63
Uganda,UGA,2010,822.5393725,10.03
Uganda,UGA,2011,832.5690782,10.22
Uganda,UGA,2012,790.1314506,0.01
Uganda,UGA,2013,810.090395,0.01
Uganda,UGA,2014,883.5287445,0.01
Ukraine,UKR,2000,658.348608,4.49
Ukraine,UKR,2001,807.8019371,4.31
Ukraine,UKR,2002,911.9111514,4.89
Ukraine,UKR,2003,1087.785627,5.92
Ukraine,UKR,2004,1416.60381,6.79
Ukraine,UKR,2005,1894.470781,7.31
Ukraine,UKR,2006,2391.323934,7.99
Ukraine,UKR,2007,3197.934295,8.86
Ukraine,UKR,2008,4066.547885,9.46
Ukraine,UKR,2009,2639.391654,8.71
Ukraine,UKR,2010,3078.429982,8.39
Ukraine,UKR,2011,3704.824973,8.48
Ukraine,UKR,2012,4004.804396,8.44
Ukraine,UKR,2013,4187.739845,8.44
Ukraine,UKR,2014,3104.643206,8.06
United Arab Emirates,ARE,2000,33291.36625,1.64
United Arab Emirates,ARE,2001,31280.75586,1.67
United Arab Emirates,ARE,2002,31567.54631,1.72
United Arab Emirates,ARE,2003,33499.10278,1.74
United Arab Emirates,ARE,2004,36333.18733,1.77
United Arab Emirates,ARE,2005,39365.45964,1.79
United Arab Emirates,ARE,2006,41907.42147,1.74
United Arab Emirates,ARE,2007,41809.46216,1.69
United Arab Emirates,ARE,2008,44498.94051,1.86
United Arab Emirates,ARE,2009,32024.19778,1.73
United Arab Emirates,ARE,2010,33893.26387,1.69
United Arab Emirates,ARE,2011,39194.67224,1.73
United Arab Emirates,ARE,2012,40976.49075,1.75
United Arab Emirates,ARE,2013,42412.6395,1.82
United Arab Emirates,ARE,2014,43751.80565,1.91
United Kingdom,GBR,2000,28223.06757,10.59
United Kingdom,GBR,2001,27806.44882,10.91
United Kingdom,GBR,2002,30049.89632,11.44
United Kingdom,GBR,2003,34487.46757,11.85
United Kingdom,GBR,2004,40371.71083,12.22
United Kingdom,GBR,2005,42132.09072,12.05
United Kingdom,GBR,2006,44654.09692,11.61
United Kingdom,GBR,2007,50653.25691,11.84
United Kingdom,GBR,2008,47549.34863,11.47
United Kingdom,GBR,2009,38952.21103,10.79
United Kingdom,GBR,2010,39688.61497,10.88
United Kingdom,GBR,2011,42284.88449,10.68
United Kingdom,GBR,2012,42686.80005,10.42
United Kingdom,GBR,2013,43713.81412,10.32
United Kingdom,GBR,2014,47787.2413,10.37
United Kingdom,GBR,2015,45404.56777,10.66
United States of America,USA,2000,36334.90878,8.21
United States of America,USA,2001,37133.24281,8.25
United States of America,USA,2002,38023.16111,8.33
United States of America,USA,2003,39496.48588,8.4
United States of America,USA,2004,41712.80107,8.48
United States of America,USA,2005,44114.74778,8.52
United States of America,USA,2006,46298.73144,8.63
United States of America,USA,2007,47975.9677,8.74
United States of America,USA,2008,48382.55845,8.74
United States of America,USA,2009,47099.98047,8.71
United States of America,USA,2010,48466.6576,8.55
United States of America,USA,2011,49882.55813,8.67
United States of America,USA,2012,51602.93105,8.82
United States of America,USA,2013,53106.53677,8.82
United States of America,USA,2014,55049.98833,8.82
Uruguay,URY,2000,6875.025469,6.65
Uruguay,URY,2001,6284.45968,6.48
Uruguay,URY,2002,4090.891888,5.86
Uruguay,URY,2003,3624.205685,5.11
Uruguay,URY,2004,4120.544205,5.66
Uruguay,URY,2005,5226.9441,6.35
Uruguay,URY,2006,5887.845162,6.58
Uruguay,URY,2007,7026.503055,6.67
Uruguay,URY,2008,9091.079039,6.76
Uruguay,URY,2009,9451.932449,6.67
Uruguay,URY,2010,11992.02377,6.21
Uruguay,URY,2011,14236.715,5.97
Uruguay,URY,2012,15171.58017,5.77
Uruguay,URY,2013,16973.68924,5.82
Uruguay,URY,2014,16831.94819,6.03
Uzbekistan,UZB,2000,558.2268024,1.6
Uzbekistan,UZB,2001,456.7062895,1.53
Uzbekistan,UZB,2002,383.343068,1.47
Uzbekistan,UZB,2003,396.377979,1.54
Uzbekistan,UZB,2004,465.1198869,1.59
Uzbekistan,UZB,2005,546.7768502,1.78
Uzbekistan,UZB,2006,654.2838373,1.96
Uzbekistan,UZB,2007,830.4076942,2.15
Uzbekistan,UZB,2008,1082.286025,2.36
Uzbekistan,UZB,2009,1213.265328,2.56
Uzbekistan,UZB,2010,1742.349256,2.73
Uzbekistan,UZB,2011,2051.129515,2.83
Uzbekistan,UZB,2012,2267.623275,0.01
Uzbekistan,UZB,2013,2419.718703,0.01
Uzbekistan,UZB,2014,2628.460008,0.01
Vanuatu,VUT,2000,1470.63587,1.21
Vanuatu,VUT,2001,1363.185058,0.91
Vanuatu,VUT,2002,1354.100243,1.24
Vanuatu,VUT,2003,1580.575634,1.2
Vanuatu,VUT,2004,1788.122206,0.85
Vanuatu,VUT,2005,1887.226576,0.88
Vanuatu,VUT,2006,2049.532809,1
Vanuatu,VUT,2007,2352.973255,1.01
Vanuatu,VUT,2008,2629.053124,1.18
Vanuatu,VUT,2009,2573.889015,0.83
Vanuatu,VUT,2010,2839.40634,0.91
Vanuatu,VUT,2011,3173.822022,0.85
Vanuatu,VUT,2012,2997.293432,0.01
Vanuatu,VUT,2013,2954.774511,0.01
Vanuatu,VUT,2014,2926.67996,0.01
Zambia,ZMB,2000,345.6896207,2.62
Zambia,ZMB,2001,382.9410352,2.61
Zambia,ZMB,2002,382.2419633,2.44
Zambia,ZMB,2003,435.4581994,2.33
Zambia,ZMB,2004,538.591553,2.46
Zambia,ZMB,2005,702.7411184,2.33
Zambia,ZMB,2006,1047.918843,2.25
Zambia,ZMB,2007,1124.290586,2.08
Zambia,ZMB,2008,1394.0005,2.12
Zambia,ZMB,2009,1159.907499,2.3
Zambia,ZMB,2010,1489.459087,2.47
Zambia,ZMB,2011,1672.907535,2.57
Zambia,ZMB,2012,1763.069442,2.59
Zambia,ZMB,2013,1878.346811,2.41
Zambia,ZMB,2014,1762.427817,0.01
Zimbabwe,ZWE,2000,563.0575041,1.68
Zimbabwe,ZWE,2001,568.3862905,1.72
Zimbabwe,ZWE,2002,530.5304463,4.43
Zimbabwe,ZWE,2003,478.0076044,4.06
Zimbabwe,ZWE,2004,482.9984515,4.36
Zimbabwe,ZWE,2005,476.5554025,4.14
Zimbabwe,ZWE,2006,447.8547399,4.57
Zimbabwe,ZWE,2007,431.7872587,3.88
Zimbabwe,ZWE,2008,356.6932344,3.56
Zimbabwe,ZWE,2009,771.5990323,4.64
Zimbabwe,ZWE,2010,948.331481,5.21
Zimbabwe,ZWE,2011,1093.653409,6
Zimbabwe,ZWE,2012,1304.968011,6.09
Zimbabwe,ZWE,2013,1429.998461,6.39
Zimbabwe,ZWE,2014,1434.896277,6.5
