Country Name,Country Code,2002,2003,2004,2005,2006,2007,2008,2009,2010,2011,2012,2013,2014
Aruba,ABW,94992,97017,98737,100031,100832,101220,101353,101453,101669,102053,102577,103187,103795
Afghanistan,AFG,21979923,23064851,24118979,25070798,25893450,26616792,27294031,28004331,28803167,29708599,30696958,31731688,32758020
Angola,AGO,17572649,18203369,18865716,19552542,20262399,20997687,21759420,22549547,23369131,24218565,25096150,25998340,26920466
Albania,ALB,3051010,3039616,3026939,3011487,2992547,2970017,2947314,2927519,2913021,2905195,2900401,2895092,2889104
Andorra,AND,70049,73182,76244,78867,80991,82683,83861,84462,84449,83751,82431,80788,79223
Arab World,ARB,296026575,302434519,309162029,316264728,323773264,331653797,339825483,348145094,356508908,364895878,373306993,381702086,390043028
United Arab Emirates,ARE,3507232,3741932,4087931,4579562,5242032,6044067,6894278,7666393,8270684,8672475,8900453,9006263,9070867
Argentina,ARG,37889370,38309379,38728696,39145488,39558890,39970224,40382389,40799407,41223889,41656879,42096739,42539925,42981515
Armenia,ARM,3033897,3017806,3000612,2981259,2958500,2933056,2908220,2888584,2877311,2875581,2881922,2893509,2906220
American Samoa,ASM,58731,59117,59264,59118,58650,57903,57030,56227,55637,55320,55230,55307,55437
Antigua and Barbuda,ATG,86266,87293,88257,89253,90301,91381,92478,93581,94661,95719,96777,97824,98875
Australia,AUS,19651400,19895400,20127400,20394800,20697900,20827600,21249200,21691700,22031750,22340024,22742475,23145901,23504138
Austria,AUT,8081957,8121423,8171966,8227829,8268641,8295487,8321496,8343323,8363404,8391643,8429991,8479375,8541575
Azerbaijan,AZE,8171950,8234100,8306500,8391850,8484550,8581300,8763400,8947243,9054332,9173082,9295784,9416801,9535079
Burundi,BDI,6741569,6953113,7182451,7423289,7675338,7939573,8212264,8489031,8766930,9043508,9319710,9600186,9891790
Belgium,BEL,10332785,10376133,10421137,10478617,10547958,10625700,10709973,10796493,10895586,11047744,11128246,11182817,11209057
Benin,BEN,7295394,7520555,7750004,7982225,8216896,8454791,8696916,8944706,9199259,9460802,9729160,10004451,10286712
Burkina Faso,BFA,12293100,12654621,13030569,13421930,13829177,14252021,14689726,15141099,15605217,16081904,16571216,17072723,17585977
Bangladesh,BGD,136600667,139019001,141307489,143431101,145368004,147139191,148805814,150454708,152149102,153911916,155727053,157571292,159405279
Bulgaria,BGR,7837161,7775327,7716860,7658972,7601022,7545338,7492561,7444443,7395599,7348328,7305888,7265115,7223938
Bahrain,BHR,735148,778711,829848,889168,958414,1035891,1114590,1185029,1240862,1278269,1300217,1315411,1336397
"Bahamas, The",BHS,309157,315746,322526,329249,335830,342328,348676,354856,360832,366568,372039,377240,382169
Bosnia and Herzegovina,BIH,3775807,3779247,3781287,3781530,3779468,3774000,3763599,3746561,3722084,3688865,3648200,3604999,3566002
Belarus,BLR,9865548,9796749,9730146,9663915,9604924,9560953,9527985,9506765,9490583,9473172,9464495,9465997,9474511
Belize,BLZ,262206,269130,276089,283277,290747,298407,306165,313929,321608,329192,336701,344181,351694
Bermuda,BMU,62912,63325,63740,64154,64523,64888,65273,65636,65124,64564,64798,65001,65139
Bolivia,BOL,8653345,8810420,8967741,9125409,9283334,9441444,9599855,9758748,9918242,10078343,10239004,10400264,10562159
Brazil,BRA,180151021,182482149,184738458,186917361,189012412,191026637,192979029,194895996,196796269,198686688,200560983,202408632,204213133
Barbados,BRB,271478,272258,273091,274009,275039,276150,277319,278470,279569,280601,281585,282509,283385
Brunei Darussalam,BRN,346867,353389,359523,365158,370250,374864,379252,383772,388662,394013,399748,405716,411704
Bhutan,BTN,606399,623434,640282,656639,672228,686958,700950,714458,727641,740510,752967,764961,776448
Botswana,BWA,1779953,1804339,1829330,1855852,1884238,1914414,1946351,1979882,2014866,2051339,2089315,2128507,2168573
Central African Republic,CAF,3907612,3981665,4055036,4127910,4201758,4275800,4345386,4404230,4448525,4476153,4490416,4499653,4515392
Canada,CAN,31362000,31676000,31995000,32312000,32570505,32887928,33245773,33628571,34005274,34342780,34750545,35152370,35535348
Central Europe and the Baltics,CEB,107097577,106760768,106466116,106173766,105901322,105504531,105126686,104924372,104543801,104174038,103935318,103713726,103496179
Switzerland,CHE,7284753,7339001,7389625,7437115,7483934,7551117,7647675,7743831,7824909,7912398,7996861,8089346,8188649
Channel Islands,CHI,150901,152038,153170,154294,155411,156513,157581,158603,159581,160497,161358,162180,162969
Chile,CHL,15623635,15799542,15973778,16147064,16319792,16491687,16661942,16829442,16993354,17153357,17309746,17462982,17613798
China,CHN,1280400000,1288400000,1296075000,1303720000,1311020000,1317885000,1324655000,1331260000,1337705000,1344130000,1350695000,1357380000,1364270000
Cote d'Ivoire,CIV,17366517,17679355,17997738,18336303,18699435,19085941,19497986,19936366,20401331,20895311,21418603,21966312,22531350
Cameroon,CMR,16084886,16513822,16959081,17420795,17899562,18395389,18907008,19432541,19970495,20520447,21082383,21655715,22239904
"Congo, Dem. Rep.",COD,49835756,51390033,53034217,54751476,56543011,58417562,60373608,62409435,64523263,66713597,68978682,71316033,73722860
"Congo, Rep.",COG,3407180,3502519,3605439,3718243,3842365,3976246,4115435,4253712,4386693,4512730,4633363,4751393,4871101
Colombia,COL,41572491,42152151,42724163,43285634,43835722,44374572,44901544,45416181,45918097,46406646,46881475,47342981,47791911
Comoros,COM,569479,583211,597228,611627,626425,641620,657229,673252,689692,706569,723868,741500,759385
Cabo Verde,CPV,452106,460147,467664,474567,480795,486438,491723,496963,502384,508067,513979,520106,526437
Costa Rica,CRI,4063204,4125971,4187038,4247841,4308794,4369469,4429508,4488263,4545280,4600474,4654122,4706401,4757575
Caribbean small states,CSS,6623792,6670276,6716373,6761932,6806838,6851221,6895315,6939534,6984096,7029022,7074129,7118888,7162679
Cuba,CUB,11217998,11244885,11266941,11284253,11296233,11303687,11309754,11318602,11333051,11354651,11382146,11412167,11439767
Curacao,CUW,129205,131897,134192,137658,141239,144056,145880,146833,148703,150831,152088,153822,155909
Cayman Islands,CYM,44738,46028,47299,48622,50031,51483,52926,54279,55507,56579,57523,58371,59172
Cyprus,CYP,976966,993563,1010410,1027658,1045509,1063712,1081563,1098076,1112607,1124835,1135062,1143896,1152309
Czech Republic,CZE,10196916,10193998,10197101,10211216,10238905,10298828,10384603,10443936,10474410,10496088,10510785,10514272,10525347
Germany,DEU,82488495,82534176,82516260,82469422,82376451,82266372,82110097,81902307,81776930,80274983,80425823,80645605,80982500
Djibouti,DJI,746221,758615,770752,783254,796208,809402,822934,836840,851146,865937,881185,896688,912164
Dominica,DMA,69824,70093,70379,70627,70807,70950,71074,71229,71440,71718,72044,72400,72778
Denmark,DNK,5375931,5390574,5404523,5419432,5437272,5461438,5493621,5523095,5547683,5570572,5591572,5614932,5643475
Dominican Republic,DOM,8832285,8967760,9102998,9237566,9371338,9504353,9636520,9767758,9897985,10027095,10154950,10281296,10405844
Algeria,DZA,31995046,32403514,32831096,33288437,33777915,34300076,34860715,35465760,36117637,36819558,37565847,38338562,39113313
East Asia & Pacific (excluding high income),EAP,1849372891,1865072180,1880346866,1895491198,1910175449,1924328696,1938364036,1952308531,1966231608,1980303926,1994651365,2009173000,2023837097
Early-demographic dividend,EAR,2561812502,2605067367,2648271523,2691528375,2734859659,2778276175,2821797496,2865439651,2909410986,2953406021,2997066325,3040700765,3084236443
East Asia & Pacific,EAS,2082953520,2099545270,2115556602,2131361829,2147028911,2162102842,2177421109,2192351452,2207154891,2221934234,2237082761,2252310372,2267745316
Europe & Central Asia (excluding high income),ECA,396574307,396720391,397064999,397469492,398011334,398693705,399739094,401472949,403470694,405521953,407706585,410126644,412510951
Europe & Central Asia,ECS,865196877,867457664,870030756,872661616,875343235,878465990,881965815,885591693,889016216,891094963,894666668,898855116,903094669.5
Ecuador,ECU,13072060,13289601,13509647,13735233,13967480,14205453,14447562,14691275,14934690,15177355,15419666,15661547,15903112
"Egypt, Arab Rep.",EGY,72590118,73981942,75381899,76778149,78159048,79537253,80953881,82465022,84107606,85897561,87813257,89807433,91812566
Euro area,EMU,324125338,325885964,327682507,329380413,330922791,332645166,334274730,335360887,336151474,335425830,336167295,337296876,338429647.5
Eritrea,ERI,3614639,3738265,3858623,3969007,4066648,4153332,4232636,4310334,4390840,4474690,,,
Spain,ESP,41431558,42187645,42921895,43653155,44397319,45226803,45954106,46362946,46576897,46742697,46773055,46620045,46480882
Estonia,EST,1379350,1370720,1362550,1354775,1346810,1340680,1337090,1334515,1331475,1327439,1322696,1317997,1314545
Ethiopia,ETH,70497192,72545144,74624405,76727083,78850689,81000409,83184892,85416253,87702670,90046756,92444183,94887724,97366774
European Union,EUU,490390251,492200117,494162543,496115006,497973712,499916647,501808477,503317964,504421126,504012081,505104333,506592460,508157248.5
Fragile and conflict affected situations,FCS,359110192,368514375,378123879,387862311,397732436,407747286,417919663,428246870,438737943,449398455,460228236,471253115,482474449
Finland,FIN,5200598,5213014,5228172,5246096,5266268,5288720,5313399,5338871,5363352,5388272,5413971,5438972,5461512
Fiji,FJI,815691,816628,818354,821817,827411,834812,843340,851967,859950,867086,873596,879715,885806
France,FRA,61805267,62244886,62704895,63179351,63621381,64016227,64374989,64707044,65027507,65342775,65659789,65998573,66331958.5
Faroe Islands,FRO,47769,47974,48143,48285,48383,48448,48485,48517,48550,48608,48666,48747,48842
"Micronesia, Fed. Sts.",FSM,106983,106816,106577,106196,105684,105078,104478,103960,103616,103468,103503,103702,104015
Gabon,GAB,1294409,1328146,1364205,1403126,1444844,1489193,1536411,1586754,1640210,1697101,1756817,1817271,1875713
United Kingdom,GBR,59370479,59647577,59987905,60401206,60846820,61322463,61806995,62276270,62766365,63258918,63700300,64128226,64613160
Georgia,GEO,4357000,4301000,4245000,4190000,4136000,4082000,4030000,3978000,3926000,3875000,3825000,3776000,3727000
Ghana,GHA,19924522,20446782,20986536,21542009,22113425,22700212,23298640,23903831,24512104,25121796,25733049,26346251,26962563
Gibraltar,GIB,31544,31720,31896,32085,32296,32510,32732,32956,33189,33405,33623,33831,34038
Guinea,GIN,9137345,9309848,9490229,9679745,9881428,10096727,10323142,10556524,10794170,11035170,11281469,11536615,11805509
"Gambia, The",GMB,1311349,1354194,1398573,1444204,1491021,1539116,1588572,1639560,1692149,1746363,1802125,1859324,1917852
Guinea-Bissau,GNB,1293523,1321202,1350345,1380838,1412669,1445958,1480841,1517448,1555880,1596154,1638139,1681495,1725744
Equatorial Guinea,GNQ,666407,694611,724817,757317,792217,829327,868418,909111,951104,994290,1038593,1083746,1129424
Greece,GRC,10902022,10928070,10955141,10987314,11020362,11048473,11077841,11107017,11121341,11104899,11045011,10965211,10892413
Grenada,GRD,102100,102375,102656,102949,103259,103586,103930,104296,104677,105075,105481,105909,106360
Greenland,GRL,56609,56765,56911,56935,56774,56555,56328,56323,56905,56890,56810,56483,56295
Guatemala,GTM,12208848,12500478,12796925,13096028,13397008,13700286,14006366,14316208,14630417,14948919,15271056,15596214,15923559
Guam,GUM,157175,157714,158099,158402,158648,158855,159035,159231,159444,159678,159973,160375,160967
Guyana,GUY,751884,751857,751652,750946,749601,747869,746314,745693,746556,749100,753091,758081,763393
High income,HIC,1084822681,1091996651,1099536714,1107240754,1115521566,1124300804,1133635561,1141986984,1149513780,1155001498,1161912763,1168863948,1175992264.5
"Hong Kong SAR, China",HKG,6744100,6730800,6783500,6813200,6857100,6916300,6957800,6972800,7024200,7071600,7150100,7178900,7229500
Honduras,HND,6863157,7033821,7204153,7373430,7541406,7707972,7872658,8035021,8194778,8351600,8505646,8657785,8809216
Heavily indebted poor countries (HIPC),HPC,502710676,517352559,532385197,547744433,563415107,579434057,595849807,612731524,630127436,648053253,666488623,685401960,704745420
Croatia,HRV,4440000,4440000,4439000,4442000,4440000,4436000,4434508,4429078,4417781,4280622,4267558,4255689,4238389
Haiti,HTI,8834733,8976552,9119178,9263404,9409457,9556889,9705029,9852870,9999617,10145054,10289210,10431776,10572466
Hungary,HUN,10158608,10129552,10107146,10087065,10071370,10055780,10038188,10022650,10000023,9971727,9920362,9893082,9866468
IBRD only,IBD,4077072166,4121738813,4166120799,4210445216,4254416859,4297926889,4341646360,4385943437,4430022641,4474450394,4519551249,4564884790,4610016582
IDA & IBRD total,IBT,5216716196,5288758027,5361007541,5433668432,5506476139,5579375628,5653072235,5727963719,5803570732,5880130776,5957667513,6036112743,6114994143
IDA total,IDA,1139644030,1167019214,1194886742,1223223216,1252059280,1281448739,1311425875,1342020282,1373548091,1405680382,1438116264,1471227953,1504977561
IDA blend,IDB,377544104,385980348,394625729,403526930,412705870,422204235,432032769,442179341,452947421,463997812,474993526,486261860,497751634
Indonesia,IDN,217508059,220545214,223614649,226712730,229838202,232989141,236159276,239340478,242524123,245707511,248883232,252032263,255131116
IDA only,IDX,762099926,781038866,800261013,819696286,839353410,859244504,879393106,899840941,920600670,941682570,963122738,984966093,1007225927
Isle of Man,IMN,73870,74587,75341,76118,76914,77727,78534,79325,80072,80759,81406,82013,82590
India,IND,1089807112,1108027848,1126135777,1144118674,1161977719,1179681239,1197146906,1214270132,1230980691,1247236029,1263065852,1278562207,1293859294
Not classified,INX,,,,,,,,,,,,,
Ireland,IRL,3931947,3996521,4070262,4159914,4273591,4398942,4489544,4535375,4560155,4576794,4586897,4598294,4617225
"Iran, Islamic Rep.",IRN,67983330,68812713,69617100,70421811,71227880,72031103,72845542,73687565,74567511,75491582,76453574,77435384,78411092
Iraq,IRQ,24939299,25627626,26316609,27008426,27697912,28390433,29111417,29894652,30762701,31727053,32776571,33883145,35006080
Iceland,ISL,287523,289521,292074,296734,303782,311566,317414,318499,318041,319014,320716,323764,327386
Israel,ISR,6570000,6689700,6809000,6930100,7053700,7180100,7308800,7485600,7623600,7765800,7910500,8059500,8215700
Italy,ITA,57059007,57313203,57685327,57969484,58143979,58438310,58826731,59095365,59277417,59379449,59539717,60233948,60789140
Jamaica,JAM,2695446,2712511,2728777,2744673,2760279,2775467,2790122,2804082,2817210,2829493,2840992,2851807,2862087
Jordan,JOR,5287488,5396774,5535595,5714111,5934232,6193191,6489822,6821116,7182390,7574943,7992573,8413464,8809306
Japan,JPN,127445000,127718000,127761000,127773000,127854000,128001000,128063000,128047000,128070000,127833000,127629000,127445000,127276000
Kazakhstan,KAZ,14858948,14909018,15012985,15147029,15308084,15484192,15674000,16092701,16321581,16556600,16791425,17035275,17289224
Kenya,KEN,33214009,34130852,35074931,36048288,37052050,38085909,39148416,40237204,41350152,42486839,43646629,44826849,46024250
Kyrgyz Republic,KGZ,4990700,5043300,5104700,5162600,5218400,5268400,5318700,5383300,5447900,5514600,5607200,5719600,5835500
Cambodia,KHM,12634729,12853124,13063377,13270201,13474489,13676693,13880509,14090208,14308740,14537886,14776866,15022692,15270790
Kiribati,KIR,87343,88895,90542,92325,94260,96311,98440,100568,102652,104656,106613,108535,110458
St. Kitts and Nevis,KNA,46641,47306,47971,48611,49210,49783,50332,50886,51445,52006,52591,53169,53739
"Korea, Rep.",KOR,47644736,47892330,48082519,48184561,48438292,48683638,49054708,49307835,49554112,49936638,50199853,50428893,50746659
Kuwait,KWT,2143833,2169118,2207939,2276623,2377258,2503410,2652340,2818939,2998083,3191051,3395556,3598385,3782450
Latin America & Caribbean (excluding high income),LAC,514126613,521033040,527919692,534836570,541798268,548789887,555795034,562785589,569737872,576648286,583515410,590319145,597035363
Lao PDR,LAO,5497273,5579656,5664605,5754026,5849356,5949787,6052190,6152036,6246274,6333487,6415169,6494557,6576397
Lebanon,LBN,3522837,3701464,3863267,3986852,4057350,4086466,4111047,4183156,4337141,4588368,4916404,5276102,5603279
Liberia,LBR,3062863,3116233,3176414,3261230,3375838,3512932,3662993,3811528,3948125,4070167,4181563,4286291,4390737
Libya,LBY,5527515,5615952,5704759,5792688,5881435,5970362,6053078,6121053,6169140,6193501,6198258,6195970,6204108
St. Lucia,LCA,159763,160973,162251,163714,165407,167288,169220,171022,172580,173832,174835,175660,176421
Latin America & Caribbean,LCN,539373833,546480980,553565918,560677885,567826545,575000048,582186320,589354222,596479937,603537118,610547919,617495658,624335544
Least developed countries: UN classification,LDC,699560739,717572892,735796583,754118072,772488966,790978141,809730997,828953320,848791962,869298106,890423474,912093996,934192321
Low income,LIC,449310184,462034389,475094388,488440913,502059411,515977457,530237548,544900284,560007444,575572515,591576162,607987351,624759914
Liechtenstein,LIE,34018,34321,34596,34852,35095,35322,35541,35766,36003,36264,36545,36834,37127
Sri Lanka,LKA,19059300,19215307,19372538,19524558,19670151,19810789,19945832,20075086,20198353,20315017,20425000,20585000,20771000
Lower middle income,LMC,2422909082,2464278409,2505778340,2547388074,2589147803,2631091627,2673217147,2715510241,2758222110,2801003868,2843577252,2886312231,2929010331
Low & middle income,LMY,5195709166,5267904657,5340290732,5413060683,5485959084,5558927442,5632666962,5707586262,5783367112,5859997307,5937636120,6016214406,6095235753
Lesotho,LSO,1902312,1918097,1933728,1949543,1965662,1982287,1999930,2019209,2040551,2064166,2089928,2117361,2145785
Late-demographic dividend,LTE,2075912406,2089475163,2102908619,2116450646,2129838874,2142907075,2156163629,2169772818,2182871599,2196126123,2209695204,2223430941,2237202264
Lithuania,LTU,3443067,3415213,3377075,3322528,3269909,3231294,3198231,3162916,3097282,3028115,2987773,2957689,2932367
Luxembourg,LUX,446175,451630,458095,465158,472637,479993,488650,497783,506953,518347,530946,543360,556319
Latvia,LVA,2310173,2287955,2263122,2238799,2218357,2200325,2177322,2141669,2097555,2059709,2034319,2012647,1993782
"Macao SAR, China",MAC,448896,460147,471453,482559,493320,503823,514348,525313,536969,549439,562531,575841,588781
St. Martin (French part),MAF,27450,27363,27514,27906,28414,28905,29376,29820,30235,30615,30959,31264,31530
Morocco,MAR,29512368,29843937,30179285,30521070,30869346,31225881,31596855,31989897,32409639,32858823,33333789,33824769,34318082
Monaco,MCO,32629,32933,33314,33793,34408,35111,35853,36534,37094,37497,37783,37971,38132
Moldova,MDA,3623062,3612874,3603945,3595187,3585209,3576910,3570108,3565604,3562045,3559986,3559519,3558566,3556397
Madagascar,MDG,16765117,17279141,17802997,18336724,18880268,19433523,19996469,20569121,21151640,21743949,22346573,22961146,23589801
Maldives,MDV,294341,302209,310423,318836,327371,336070,345054,354501,364511,375131,386203,397397,408247
Middle East & North Africa,MEA,329289435,335522845,342046777,348956287,356287693,363996317,371999662,380192587,388376106,396573248,404782447,412950407,421022841
Mexico,MEX,104355608,105640453,106995583,108472228,110092378,111836346,113661809,115505228,117318941,119090017,120828307,122535969,124221600
Marshall Islands,MHL,52158,52116,52074,52055,52078,52137,52218,52320,52425,52542,52663,52793,52898
Middle income,MIC,4746398982,4805870268,4865196344,4924619770,4983899673,5042949985,5102429414,5162685978,5223359668,5284424792,5346059958,5408227055,5470475839
"Macedonia, FYR",MKD,2048928,2053426,2057047,2060272,2063145,2065458,2067378,2069093,2070739,2072383,2074036,2075739,2077495
Mali,MLI,11638929,12005128,12391906,12798763,13227064,13675606,14138216,14606597,15075085,15540989,16006670,16477818,16962846
Malta,MLT,395969,398582,401268,403834,405308,406724,409379,412477,414508,416268,419455,423374,427364
Myanmar,MMR,47140220,47624894,48073707,48482614,48846474,49171586,49479752,49800690,50155896,50553031,50986514,51448196,51924182
Middle East & North Africa (excluding high income),MNA,291051001,296114536,301278295,306595214,312079307,317721161,323531149,329488935,335581557,341822043,348195697,354641044,361077997
Montenegro,MNE,609828,612267,613353,614261,615025,615875,616969,618294,619428,620079,620601,621207,621810
Mongolia,MNG,2443659,2469286,2496832,2526446,2558012,2591670,2628131,2668289,2712650,2761516,2814226,2869107,2923896
Northern Mariana Islands,MNP,68763,67422,65663,63744,61688,59513,57431,55674,54424,53786,53718,54036,54468
Mozambique,MOZ,19139658,19716598,20312705,20923070,21547463,22188387,22846758,23524063,24221405,24939005,25676606,26434372,27212382
Mauritania,MRT,2873228,2957117,3042823,3130720,3220653,3312665,3407541,3506288,3609543,3717672,3830239,3946170,4063920
Mauritius,MUS,1204621,1213370,1221003,1228254,1233996,1239630,1244121,1247429,1250400,1252404,1255882,1258653,1260934
Malawi,MWI,12013711,12336687,12676038,13039711,13429262,13840969,14271234,14714602,15167095,15627618,16097305,16577147,17068838
Malaysia,MYS,24198811,24688703,25174109,25659393,26143566,26625845,27111069,27605383,28112289,28635128,29170456,29706724,30228017
North America,NAC,319050105,321847258,324864038,327892753,331014940,334184023,337405012,340465736,343418591,346070702,348813722,351422279,354163943
Namibia,NAM,1962147,1986535,2009228,2032196,2055734,2079915,2106375,2137040,2173170,2215621,2263934,2316520,2370992
New Caledonia,NCL,221490,225000,228000,231000,235000,238000,242000,245000,250000,254000,259000,263000,268000
Niger,NER,12206002,12656870,13127012,13618449,14132064,14668338,15228525,15813913,16425578,17064636,17731634,18426372,19148219
Nigeria,NGA,128666710,131972533,135393616,138939478,142614094,146417024,150347390,154402181,158578261,162877076,167297284,171829303,176460502
Nicaragua,NIC,5171734,5240879,5309703,5379328,5450211,5522106,5594506,5666581,5737723,5807820,5877108,5945747,6013997
Netherlands,NLD,16148929,16225302,16281779,16319868,16346101,16381696,16445593,16530388,16615394,16693074,16754962,16804432,16865008
Norway,NOR,4538159,4564855,4591910,4623291,4660677,4709153,4768212,4828726,4889252,4953088,5018573,5079623,5137232
Nepal,NPL,24566342,24950623,25309449,25640287,25940618,26214847,26475859,26741103,27023137,27327147,27649925,27985310,28323241
Nauru,NRU,10073,10096,10113,10115,10101,10075,10047,10028,10025,10057,10279,10821,11853
New Zealand,NZL,3948500,4027200,4087500,4133900,4184600,4223800,4259800,4302600,4350700,4384000,4408100,4442100,4509700
OECD members,OED,1173046153,1181328844,1189684724,1198065127,1206821081,1215883020,1225426691,1234203233,1242391518,1248769314,1256613484,1264720693,1273144196.5
Oman,OMN,2334285,2385255,2444751,2511269,2582991,2662762,2759014,2882942,3041460,3237268,3464644,3711481,3960925
Other small states,OSS,21722065,22141340,22600520,23112789,23681565,24300791,24955735,25615419,26267053,26900149,27529022,28150486,28766825
Pakistan,PAK,144654143,147703401,150780300,153909667,157093993,160332974,163644603,167049580,170560182,174184265,177911533,181712595,185546257
Panama,PAN,3149265,3209174,3269541,3330465,3391905,3453807,3516268,3579385,3643222,3707782,3772938,3838462,3903986
Peru,PER,26601467,26937738,27273194,27610410,27949944,28292724,28641980,29001507,29373646,29759989,30158966,30565716,30973354
Philippines,PHL,81352060,83031954,84678493,86274237,87809419,89293490,90751864,92220879,93726624,95277940,96866642,98481032,100102249
Palau,PLW,19574,19700,19804,19906,20012,20116,20228,20342,20470,20599,20758,20920,21094
Papua New Guinea,PNG,5862316,6010724,6161517,6314709,6470272,6627922,6787187,6947447,7108239,7269348,7430836,7592865,7755785
Poland,POL,38230364,38204570,38182222,38165445,38141267,38120560,38125759,38151603,38042794,38063255,38063164,38040196,38011735
Pre-demographic dividend,PRE,586553190,603809871,621611464,639876871,658586521,677788806,697549138,717959651,739082260,760942116,783505835,806705375,830442736
Puerto Rico,PRI,3823701,3826095,3826878,3821362,3805214,3782995,3760866,3740410,3721525,3678732,3634488,3593077,3534874
"Korea, Dem. Peopleâ€™s Rep.",PRK,23336681,23538540,23729498,23904167,24061097,24203289,24335146,24463021,24591599,24722298,24854034,24985976,25116363
Portugal,PRT,10419631,10458821,10483861,10503330,10522288,10542964,10558177,10568247,10573100,10557560,10514844,10457295,10401062
Paraguay,PRY,5508611,5607950,5703740,5795494,5882796,5966159,6047117,6127837,6209877,6293783,6379219,6465740,6552584
West Bank and Gaza,PSE,3075373,3154969,3236626,3320396,3406334,3494496,3596688,3702218,3811102,3927051,4046901,4169506,4294682
Pacific island small states,PSS,2006441,2027202,2049012,2072666,2098522,2126308,2155439,2184920,2214096,2242763,2271298,2300045,2329458
Post-demographic dividend,PST,1030742327,1035918962,1041303140,1046610820,1052236684,1058174510,1064603304,1070107590,1075140980,1078083258,1082731938,1087577484,1092623698.5
French Polynesia,PYF,245006,248499,251775,254886,257832,260594,263179,265581,267820,269843,271703,273528,275484
Qatar,QAT,645659,688586,758855,864863,1010382,1189633,1389342,1590780,1779676,1952054,2109568,2250473,2374419
Romania,ROU,21730496,21574326,21451748,21319685,21193760,20882982,20537875,20367487,20246871,20147528,20058035,19983693,19908979
Russian Federation,RUS,145306046,144648257,144067054,143518523,143049528,142805088,142742350,142785342,142849449,142960868,143201676,143506911,143819666
Rwanda,RWA,8536205,8680346,8818438,8991735,9206580,9447402,9708169,9977446,10246842,10516071,10788853,11065151,11345357
South Asia,SAS,1437568227,1462906674,1487975237,1512670560,1536943534,1560818860,1584359049,1607663899,1630806784,1653798614,1676615491,1699310450,1721847786
Saudi Arabia,SAU,21906308,22556425,23228890,23905654,24578301,25252569,25940770,26661492,27425676,28238020,29086357,29944476,30776722
Sudan,SDN,28679565,29435944,30186341,30911914,31607064,32282526,32955496,33650619,34385963,35167314,35990192,36849918,37737913
Senegal,SEN,10396861,10670990,10955944,11251266,11556763,11873557,12203957,12550917,12916229,13300910,13703513,14120320,14546111
Singapore,SGP,4175950,4114826,4166664,4265762,4401365,4588599,4839396,4987573,5076732,5183688,5312437,5399162,5469724
Solomon Islands,SLB,435262,446769,458324,469885,481422,492940,504477,516079,527790,539614,551531,563513,575504
Sierra Leone,SLE,4957216,5199549,5439695,5658379,5848692,6015417,6165372,6310260,6458720,6611692,6766103,6922079,7079162
El Salvador,SLV,5940303,5971535,6000775,6028961,6056478,6083475,6110301,6137276,6164626,6192560,6221246,6250777,6281189
San Marino,SMR,28121,28494,28866,29240,29614,29977,30351,30723,31110,31504,31914,32303,32657
Somalia,SOM,9564167,9836397,10116228,10409925,10718317,11038596,11369276,11707990,12053223,12404725,12763776,13132349,13513125
Serbia,SRB,7496522,7480591,7463157,7440769,7411569,7381579,7350222,7320807,7291436,7234099,7199077,7164132,7130576
Sub-Saharan Africa (excluding high income),SSA,707016127,726057836,745705643,765997649,786951192,808575133,830878600,853866359,877538597,901902485,926951572,952644123,978926559
South Sudan,SSD,7237276,7501642,7787655,8108877,8468152,8856800,9263136,9670667,10067192,10448857,10818258,11177490,11530971
Sub-Saharan Africa,SSF,707099850,726140617,745788118,766080507,787035792,808660166,830965556,853953657,877628367,901989926,927039875,952734072,979017918
Small states,SST,30352298,30838818,31365905,31947387,32586925,33278320,34006489,34739873,35465245,36171934,36874449,37569419,38258962
Sao Tome and Principe,STP,144889,148372,151969,155630,159328,163101,166913,170813,174776,178800,182889,187045,191266
Suriname,SUR,483044,488332,493630,498946,504307,509705,515148,520619,526103,531589,537077,542540,547928
Slovak Republic,SVK,5376912,5373374,5372280,5372807,5373054,5374622,5379233,5386406,5391428,5398384,5407579,5413393,5418649
Slovenia,SVN,1994530,1995733,1997012,2000474,2006868,2018122,2021316,2039669,2048583,2052843,2057159,2059953,2061980
Sweden,SWE,8924958,8958229,8993531,9029572,9080505,9148092,9219637,9298515,9378126,9449213,9519374,9600379,9696110
Swaziland,SWZ,1080930,1087392,1095053,1105873,1120514,1138434,1158897,1180675,1202843,1225258,1248158,1271456,1295097
Sint Maarten (Dutch part),SXM,32566,33790,35316,36934,38270,39462,40458,39133,35474,33435,34640,36607,37685
Seychelles,SYC,83723,82781,82475,82858,84600,85033,86956,87298,89770,87441,88303,89949,91359
Syrian Arab Republic,SYR,17087901,17415266,17806638,18294611,18914977,19632806,20325443,20824893,21018834,20863993,20420701,19809141,19203090
Turks and Caicos Islands,TCA,21742,23410,25028,26448,27642,28640,29481,30245,30994,31731,32431,33108,33739
Chad,TCD,9001689,9353201,9710043,10067009,10421597,10775708,11133861,11502786,11887202,12288651,12705135,13133589,13569438
East Asia & Pacific (IDA & IBRD countries),TEA,1825997053,1841494223,1856577908,1871547819,1886075714,1900087620,1913992088,1927809625,1941604842,1955546907,1969762859,1984152637,1998686391
Europe & Central Asia (IDA & IBRD countries),TEC,434804671,434924961,435247221,435634937,436152601,436814265,437864853,439624552,441513488,443585208,445769749,448166840,450522686
Togo,TGO,5251472,5391401,5534598,5683268,5837792,5997385,6161796,6330472,6502952,6679282,6859482,7042948,7228915
Thailand,THA,64073164,64554952,65002231,65425470,65824164,66195615,66545760,66881867,67208808,67530130,67843979,68143065,68416772
Tajikistan,TJK,6447688,6576877,6712841,6854176,7000557,7152385,7309728,7472819,7641630,7815949,7995062,8177809,8362745
Turkmenistan,TKM,4610002,4655741,4703398,4754641,4810105,4870137,4935762,5007950,5087210,5174061,5267839,5366277,5466241
Latin America & the Caribbean (IDA & IBRD countries),TLA,523270767,530331985,537377388,544459791,551595525,558768052,565956228,573125269,580246796,587315129,594330743,601277206,608136047
Timor-Leste,TLS,923825,960852,996698,1026484,1048621,1064973,1078110,1092021,1109591,1131523,1156760,1184366,1212814
Middle East & North Africa (IDA & IBRD countries),TMN,287975628,292959567,298041669,303274818,308672973,314226665,319934461,325786717,331770455,337894992,344148796,350471538,356783315
Tonga,TON,99184,99789,100406,101041,101689,102357,103005,103604,104137,104577,104951,105328,105782
South Asia (IDA & IBRD),TSA,1437568227,1462906674,1487975237,1512670560,1536943534,1560818860,1584359049,1607663899,1630806784,1653798614,1676615491,1699310450,1721847786
Sub-Saharan Africa (IDA & IBRD countries),TSS,707099850,726140617,745788118,766080507,787035792,808660166,830965556,853953657,877628367,901989926,927039875,952734072,979017918
Trinidad and Tobago,TTO,1277837,1284052,1290535,1296934,1303144,1309260,1315372,1321618,1328100,1334788,1341588,1348248,1354493
Tunisia,TUN,9864326,9939678,10017601,10102482,10196136,10298087,10407336,10521834,10639931,10761467,10886668,11014558,11143908
Turkey,TUR,65143054,66085803,67007855,67903406,68763405,69597281,70440032,71339185,72326914,73409455,74569867,75787333,77030628
Tuvalu,TUV,9635,9767,9894,10027,10137,10243,10340,10441,10531,10628,10725,10819,10908
Tanzania,TZA,36105808,37149072,38249984,39410545,40634948,41923715,43270144,44664231,46098591,47570902,49082997,50636595,52234869
Uganda,UGA,25718048,26624820,27568436,28543940,29550662,30590487,31663896,32771895,33915133,35093648,36306796,37553726,38833338
Ukraine,UKR,48202500,47812950,47451600,47105150,46787750,46509350,46258200,46053300,45870700,45706100,45593300,45489600,45271947
Upper middle income,UMC,2323489900,2341591859,2359418004,2377231696,2394751870,2411858358,2429212267,2447175737,2465137558,2483420924,2502482706,2521914824,2541465508
Uruguay,URY,3327773,3325637,3324096,3325612,3331043,3339741,3350824,3362755,3374415,3385624,3396777,3408005,3419546
United States,USA,287625193,290107933,292805298,295516599,298379912,301231207,304093966,306771529,309348193,311663358,313998379,316204908,318563456
Uzbekistan,UZB,25271850,25567650,25864350,26167000,26488250,26868000,27302800,27767400,28562400,29339400,29774500,30243200,30757700
St. Vincent and the Grenadines,VCT,108146,108350,108559,108744,108907,109047,109165,109253,109315,109341,109328,109320,109357
"Venezuela, RB",VEN,25408700,25868523,26327225,26784161,27239168,27691965,28141701,28587323,29028033,29463291,29893080,30317848,30738378
British Virgin Islands,VGB,21529,22000,22541,23168,23905,24731,25604,26447,27224,27901,28509,29056,29588
Virgin Islands (U.S.),VIR,108510,108506,108467,108454,108371,108339,108399,108405,108358,108292,108191,108044,107884
Vietnam,VNM,81956496,82747662,83527678,84308843,85094617,85889590,86707801,87565407,88472512,89436644,90451881,91497725,92544915
Vanuatu,VUT,193956,198964,204143,209370,214634,219953,225340,230785,236295,241871,247485,253142,258850
World,WLD,6280531847,6359901308,6439827446,6520301437,6601480650,6683228246,6766302523,6849573246,6932880892,7014998805,7099548883,7185078354,7271228017.5
Samoa,WSM,176582,177662,178781,179929,181094,182286,183526,184826,186205,187665,189194,190757,192290
Kosovo,XKX,1702310,1703466,1704622,1705780,1719536,1733404,1747383,1761474,1775680,1791000,1805200,1824100,1821800
"Yemen, Rep.",YEM,18919179,19462086,20017068,20582927,21160534,21751605,22356391,22974929,23606779,24252206,24909969,25576322,26246327
South Africa,ZAF,47026173,47648727,48247395,48820586,49364582,49887181,50412129,50970818,51584663,52263516,52998213,53767396,54539571
Zambia,ZMB,11120409,11421984,11731746,12052156,12383446,12725974,13082517,13456417,13850033,14264756,14699937,15153210,15620974
Zimbabwe,ZWE,12500525,12633897,12777511,12940032,13124267,13329909,13558469,13810599,14086317,14386649,14710826,15054506,15411675
