Country Name,Code,2002,2003,2004,2005,2006,2007,2008,2009,2010,2011,2012,2013,2014
Aruba,ABW,29847.9283520918,30356.0452745934,33050.9033772923,34051.4928047902,35168.5614695776,36619.588029091,37247.9805023973,33553.8820015977,32625.4926908747,34324.7993588886,33567.5500169846,36829.0327743518,36779.429429343
Africa Eastern and Southern,AFE,2293.76099351977,2350.92077580095,2484.68831498153,2651.03845111364,2837.03348424991,3027.82102501785,3142.99611733141,3109.6051243093,3217.66015856683,3323.27201407332,3237.87065825646,3365.68297673587,3503.69938272761
Afghanistan,AFG,877.01426830392,927.857548047018,925.441429176842,1023.05174932878,1077.76153966077,1228.70386342946,1272.57297477768,1519.69292278438,1710.57541109225,1699.48811019742,1914.77422837964,2015.51477466948,2069.42402167356
Africa Western and Central,AFW,2298.88600746148,2405.56387496919,2596.23409700437,2757.79210148405,2912.19546241924,3066.93398516866,3230.71908428466,3359.36265521762,3532.1429859982,3675.39244102586,3772.32380201759,4013.19652314325,4208.73177986288
Angola,AGO,3785.1503220062,3838.7950524777,4225.4679269176,4837.70982676046,5362.01984289893,6050.61055453052,6607.29163426752,6470.67524420331,6587.98693898257,6710.75062298751,7412.96703464311,7682.47538648506,8179.29782812609
Albania,ALB,4661.40269532788,5000.04936305629,5427.73266241123,5865.30190379844,6566.57282794654,7283.34263812006,8228.34804111345,8813.02946080293,9628.72196177826,10207.7675731705,10526.2591833762,10570.963733047,11259.2675137673
Andorra,AND,,,,,,,,,,,,,
Arab World,ARB,10170.8729320865,10555.9565743035,11579.9547847335,12300.7789619455,13091.0554262895,13694.7742387554,14409.4750172762,14253.9396935192,14749.5521849921,15211.0266008434,16130.5992496832,16083.8093998294,15777.0972221203
United Arab Emirates,ARE,95551.7276379628,99239.9601570956,101872.973588358,97671.629302072,95679.8575342087,87102.97188999,79732.2434989502,68167.5758770941,64882.8503411842,67686.3853798798,69102.4761704654,70374.2353627555,73619.0446557068
Argentina,ARG,10052.4882560869,11025.1860988296,12214.7407113551,13568.7692061284,14951.7289508076,16570.0078336983,17404.0691420333,16334.7408131075,18061.9343589164,19322.2271236942,19641.3528638347,20131.6804246983,19683.7715056442
Armenia,ARM,3463.98606346213,4043.65506161727,4614.86980387949,5455.43499457867,6411.81964016089,7551.64363563305,8300.49198824733,7233.03992810233,7506.32190855914,8025.4584849173,9364.37529918435,9835.80246091985,10036.8898405952
American Samoa,ASM,,,,,,,,,,,,,
Antigua and Barbuda,ATG,16367.734900892,17458.8837289464,18718.3707760024,20269.690993938,23180.4007139502,25613.5465027525,25690.689492805,22435.3937041743,20611.4457775542,20347.8684831466,19598.0238599601,18797.6263678382,19039.0045029811
Australia,AUS,28768.7286317056,29807.4095606,31407.4614546007,32653.4016208815,34369.6193939212,36599.8507307471,37499.5251319174,40281.799672065,39336.6634845318,42003.1580559752,42836.6718635909,45906.4400399472,46880.8951800484
Austria,AUT,31178.6933297272,32144.2418052358,33773.825776679,35013.7140443423,37662.1851663577,39430.6091682131,41316.225176699,40918.1321224314,42009.4385277438,44452.7327457999,46457.3457770311,47922.0491207455,48799.7154676985
Azerbaijan,AZE,4163.19998698029,4638.12476816102,5158.39459385476,6737.14620835883,9233.68079666208,11718.5267261314,12956.834046821,13976.1096357098,14677.1648204193,14804.5744507911,15957.7188502849,17188.9455056612,17443.8782563093
Burundi,BDI,554.944847680609,541.763919368898,565.042746654446,569.274971643531,598.507597533049,615.229559660846,636.332024089182,644.105174174961,663.05448953244,681.971621284674,690.687841656639,740.983221098929,777.041241495558
Belgium,BEL,30282.2886450283,30932.8525095624,32063.0803240468,33177.8909458158,35259.1867115805,36791.2004331501,37883.3319417819,37749.5095365743,39840.0881958103,40942.372710454,42290.7620520019,43671.11959259,44929.685593416
Benin,BEN,1894.9988812774,1936.88097220494,2015.63776609052,2052.52885319768,2135.26376995317,2258.49268078074,2347.92432443978,2353.63289269548,2364.11963636531,2416.32736232359,2498.4957725647,2669.68821953416,2833.41275279485
Burkina Faso,BFA,1005.42999058038,1072.46713586937,1117.46483140297,1215.57325780426,1291.48579644952,1339.73764860948,1401.95772721559,1411.12752844523,1502.10404736947,1586.57116112236,1619.39942588838,1683.10583320456,1692.30324218467
Bangladesh,BGD,1453.26225725918,1523.79747808748,1620.42505311916,1753.87460797871,1901.71670067808,2065.15477333591,2206.51037075368,2309.56363735967,2439.06962718124,2620.83379040874,2937.6287981042,3143.58550275239,3368.05616403141
Bulgaria,BGR,7786.4484224601,8416.98366742999,9201.50412778876,10291.4377739545,11408.1180610219,12811.3587714533,14335.7146000831,14181.1546844467,14956.4871777211,15747.0853813627,16327.8726078533,16647.0063974042,17616.913178474
Bahrain,BHR,41932.5835516097,42860.4822233235,44185.3385399123,45400.8527009258,46200.6358641054,47532.8591584055,47847.6152454812,46498.8434018951,46872.9477813149,47377.4983094697,50675.6210184322,51494.4117178119,51101.9770222914
"Bahamas, The",BHS,29715.6952831507,29363.121938633,29869.4063424936,31261.773574933,32401.6259235917,33117.6050712001,32373.492644525,30728.818092197,31090.5816457788,31522.0202333876,32216.6977983187,31650.4390099407,33248.1132875149
Bosnia and Herzegovina,BIH,5196.52975386123,5461.78244298326,5949.36093891037,6479.64575355988,7414.01942076698,8196.49631368481,9028.85859514751,9028.63350729932,9348.26456908985,9976.49077413797,10304.0244805857,11016.5504511762,11433.1904283714
Belarus,BLR,6709.84550284634,7367.19377907469,8489.48408699124,9642.42979250313,10994.7667382994,12317.4565015173,13885.7467207654,14054.106018462,15360.1478975791,16563.2014078209,18105.2867180444,18994.1901887615,19008.0610153147
Belize,BLZ,5963.26135829195,6467.38049826304,6781.22227577658,6945.2678234197,7306.60713099128,7347.21502657259,7554.68790845639,7438.92310574861,7563.89656837941,7684.82986218843,7272.83658727039,7227.21356304606,7190.08610834646
Bermuda,BMU,58183.9527692697,60886.1212204319,63560.1431555502,66207.2545861455,71580.6220719766,75534.9776006507,75121.6481270249,71040.1736780952,70620.0806836706,69998.8434204712,67453.8205236015,68993.2274876771,68775.4467426718
Bolivia,BOL,3580.81433483703,3677.6399759058,3863.45202084525,4086.37610778823,4335.38171739243,4575.66423712888,4868.44264066933,4986.4579138539,5167.11031871591,5460.25705795265,5921.64890711782,6624.80592182792,7056.82836431613
Brazil,BRA,9568.06602729728,9733.77330392262,10445.3471782104,10988.9611484477,11642.4470546838,12549.9309993023,13312.7667574522,13269.1221073249,14299.5551384925,15040.0610864372,15046.2901818178,15588.7261289147,15718.5649500141
Barbados,BRB,12887.8262164847,13368.3499351522,13873.8960912826,14816.1172972448,16098.2105334943,16820.353282898,17190.9462185782,16374.5150748113,16127.8113837512,16304.3824246065,15310.1139268025,15334.8282457896,15175.4956415237
Brunei Darussalam,BRN,70717.7790012773,72755.3211265061,73808.3213789057,75214.167116211,79772.8905497993,81012.9900947598,80036.7459938278,78298.5229939319,80280.0244489225,83935.2257151622,88245.9583498698,83788.5108927602,81371.2308691448
Bhutan,BTN,3229.50883026657,3480.08417066715,3723.4617282224,4056.15255166907,4412.51005792387,5302.73422031415,5608.4944604718,5972.87056933915,6693.51591287704,7295.85332842291,7912.14464450907,7989.68917892584,8666.45572463658
Botswana,BWA,9004.94805006357,9431.86518960247,9772.37954062074,10339.5028934892,11311.7552206419,12311.8116601007,13055.4875794492,11912.9166996517,12862.4913329131,13729.859269143,13091.9801216906,14168.0821766891,15702.8727461301
Central African Republic,CAF,725.61483382938,684.955920314678,730.746977650051,745.573232390044,789.209642056639,831.608980433439,849.941050174164,916.187705564127,958.921104128334,1012.65740130414,1102.02752561172,738.474892262448,720.324109649209
Canada,CAN,30963.0530022941,32349.9436608677,33925.7067319515,36327.2286544972,38119.4131958397,39575.3097484091,40376.3068799056,38865.4134577266,40099.4482394377,41666.7076267956,42290.9654102745,44298.5787342765,45753.7505547994
Central Europe and the Baltics,CEB,11630.4138425343,12340.053963397,13483.017036829,14312.2188305832,15920.6682937347,17758.2830506044,19671.0263370333,19698.2543532753,20809.0665513627,22187.3911328846,22975.5243510064,23964.1501479257,24984.361300208
Switzerland,CHE,38814.3717381965,38840.8818833536,40336.4089557059,41749.2164457237,46502.9282746387,51208.0988282218,54096.8078629618,53354.0046402285,54858.4480758362,57987.5020305492,59933.5986829168,62225.087267788,64103.0104476336
Channel Islands,CHI,,,,,,,,,,,,,
Chile,CHL,10319.9453639356,10839.9597259037,11810.2433203001,12746.5896892724,15753.960100542,16941.829833598,16501.8098843876,16159.6071479987,18161.809244628,20342.5614772748,21507.6925702008,22439.2732478546,22786.6427713304
China,CHN,3534.84912978684,3937.31287532441,4425.87419106099,5053.94579810189,5836.57343667871,6810.60390010026,7574.22445504338,8307.84951896429,9253.76518771214,10292.9404780675,11168.6972979775,11872.4973811617,12480.3385303781
Cote d'Ivoire,CIV,3088.7238462639,2934.71765054852,3045.53566172633,3105.32367160543,3219.15055011122,3269.45713696621,3415.09339388131,3484.50843196153,3679.6009110919,3470.92983406896,3558.63106764748,3867.32387620621,4319.57865464426
Cameroon,CMR,2177.16850000849,2276.83140075992,2436.45533313286,2499.66951977028,2601.50065969807,2711.60981878851,2765.93176436338,2781.28985080513,2816.79742422742,2892.44839355173,2958.69262357735,3129.85863840047,3312.54006384035
"Congo, Dem. Rep.",COD,441.820273107902,460.770125695347,489.420095076424,518.840324513769,545.151387440003,575.749076420598,603.287907483324,604.844173462366,633.913133471598,668.940881028426,669.567442630972,753.485168060936,849.760818562134
"Congo, Rep.",COG,3938.43223058317,3929.60019058186,4052.51320216562,4363.25091354379,4695.68828973156,4350.75200478212,4555.98509014028,4959.39624417032,5349.82956075429,5428.24153532541,6335.78575193988,6069.00098516396,5931.1339160899
Colombia,COL,7018.08201847342,7319.54321218707,7806.05050932725,8324.75468840448,9035.56563955056,9781.97040788477,10179.2448415524,10258.9708392748,10731.645914959,11604.102283016,12018.6512847411,12727.764931531,13307.4245015783
Comoros,COM,1865.26716452511,1894.19995695565,1936.00679812712,2004.64086829639,2069.87974361153,2091.74198352579,2165.07542529474,2197.80866358571,2252.87770644599,2337.02761944511,2511.50597918595,2636.47297637723,2716.82752451541
Cabo Verde,CPV,3273.95008970364,3420.20063315025,3813.68919727303,4146.06695277215,4552.22942052653,5316.85498281318,5711.2759169575,5613.7465582812,5692.54910540752,5966.84799990471,5818.90305855813,5792.91983252115,5748.09623755065
Costa Rica,CRI,8414.65774949844,8805.39497374121,9305.99188360408,9836.96227015174,10727.2032806153,11760.0655163335,12392.2856767078,12219.9404904944,12863.8495103757,13545.9317746231,14321.5183732954,15005.9193570501,16067.3307687659
Caribbean small states,CSS,10332.6356863363,11121.5084582033,11829.2955664618,12551.6018392409,13782.8884193703,14557.2133454376,14971.5006221628,14472.9417166755,14763.3429866815,15147.3806594038,15109.9450074067,15344.0698600434,15471.3617050695
Cuba,CUB,,,,,,,,,,,,,
Curacao,CUW,24342.3445432778,24358.3499396975,24637.5808585686,24932.8903409633,25445.7018014155,26251.0517831728,27005.292515917,26890.91975277,26884.2709168924,27224.4009690808,26175.4939023336,25921.158411774,25379.297699527
Cayman Islands,CYM,,,,,71406.655340209,73399.6882760133,72406.3431566275,65886.3297753441,63298.1776464306,64014.7419684634,62795.9026761888,62440.0072218164,63067.4199221543
Cyprus,CYP,23556.4086128116,24279.6775935031,25944.854103442,27763.1536288336,30015.4141242199,32881.5458154318,34830.2361796726,33884.8799401104,33423.5009757311,33313.5766982193,31834.5182131095,30375.09107743,30080.2301574798
Czech Republic,CZE,18252.5727653685,19538.0704015253,20932.0784185044,22095.3878539836,23923.7038826992,26282.375491299,27974.487131849,27761.5091540229,27881.9679972276,29001.3680365492,29254.7312685144,30818.1081558477,32502.4753540118
Germany,DEU,29178.6374658122,29908.1395291325,31333.8363031281,31794.0960095207,34160.3449318802,36287.4822419008,37802.3874303197,36815.8440540696,38952.6946021004,42541.5310884096,43359.6148271723,44993.8927459315,47011.5510935131
Djibouti,DJI,,,,,,,,,,,,4103.94120366257,4289.03424993655
Dominica,DMA,6551.18517229743,7070.25843973391,7451.80800128178,7713.17410884693,8300.62876800022,9054.99374766821,9884.01154811376,9840.2388784557,10017.7618724744,10199.1242353027,9946.83026464519,10145.9193773568,10909.3766283126
Denmark,DNK,30640.3456230968,30820.3892235438,32938.692099664,34150.1594558945,37334.3901608479,39006.2023239418,41278.3268270571,40331.4068810678,43003.0545921155,44403.3848413929,44803.9682421214,46726.8541437832,47901.4473627066
Dominican Republic,DOM,7295.05736783111,7226.72128148795,7506.73376097639,8356.00840221911,9274.89754992466,10098.6989654173,10491.6151457835,10539.3989175546,11410.3534599665,11869.1230948161,11900.4850051553,12482.1621152034,13475.0111677589
Algeria,DZA,9293.83714349081,10019.3578919395,10591.0381897757,11405.6425223873,11776.0404022627,12311.0384280957,12643.1514779138,12722.3786946243,13095.449178663,13500.0447902878,13303.3275185881,13056.8025915699,13003.2668603131
East Asia & Pacific (excluding high income),EAP,3843.76805725158,4212.08385807015,4663.80694342094,5219.43371500614,5890.81095685403,6709.85205761272,7348.36316489297,7895.61918212177,8691.03685093211,9533.42455400878,10325.9570359192,10908.6728981907,11407.7667707191
Early-demographic dividend,EAR,4308.89463195866,4550.93809207729,4905.73827609077,5279.32241894061,5712.50007819877,6132.98975455776,6420.56809373297,6519.15604339737,6925.7698569985,7330.93303544649,7700.31002300798,7940.17520677183,8159.93687370007
East Asia & Pacific,EAS,6429.95924900482,6847.31257468871,7429.37436569657,8082.79918980289,8870.41109244013,9803.35452113167,10426.9488098114,10815.812582613,11740.8646884341,12629.7135986431,13458.6739100548,14149.0245715259,14655.1952945871
Europe & Central Asia (excluding high income),ECA,7046.01815718965,7772.72837134423,8709.71286853879,9777.93436505098,11688.4418249304,13044.5179896516,14967.5588816839,14458.8481208135,15436.6470285664,16995.5803090122,18003.2619063418,19379.6579772202,19755.7671892056
Europe & Central Asia,ECS,17562.6549953471,18240.6220312419,19364.749063601,20397.4480395997,22587.9815498688,24205.738581179,25854.0471695161,25130.7914877906,26189.0468720812,27743.1348630801,28506.4658378473,29814.3748952929,30540.7336971929
Ecuador,ECU,6332.18587423771,6513.29940403056,7117.17066810899,7598.9506417776,8037.88613710275,8294.64314944288,8845.55389092678,8818.67952261285,9090.31005023095,9857.52052282788,10311.4045972003,11153.6852119041,11713.1759081751
"Egypt, Arab Rep.",EGY,6139.67898913655,6334.5712788004,6648.42901856206,7033.91892170753,7606.75573398818,8219.48274929236,8820.71650563293,9131.49909819552,9522.50916306002,9686.0462638774,11092.7432596071,11221.3803859221,10895.9431672625
Euro area,EMU,27533.7373439965,27984.2167272567,29079.5701370281,30078.3677996335,32535.6739057695,34420.1744948296,35715.1128862779,34793.3212519926,35773.7314133327,37425.3719183064,37799.0387475638,38986.0722037896,39949.7122305502
Eritrea,ERI,1642.45989228575,1553.45551980097,1547.72245393989,1575.14228517438,1556.66015549904,1578.902664939,1420.73827020827,1459.83008378832,1485.19749586246,1625.50767298855,,,
Spain,ESP,24371.5988492666,25046.1107003124,26143.6321744545,27606.9340516269,30720.2222055087,32469.5304500615,33263.2723985249,32092.3648208603,31682.7131000557,31867.9732396862,31720.1199986535,32434.0032017704,33525.7406299089
Estonia,EST,11663.2715046648,13132.5807216854,14536.3474111754,16634.8927393745,19345.3147116353,22195.1975941957,22802.3421764634,20477.8524315004,21619.4545478307,24557.2361475947,25996.0467779508,27464.5186781161,28945.4653303277
Ethiopia,ETH,520.339286837525,503.972469824918,571.403661559689,640.658143594136,711.587039630853,792.35361271386,870.715266913154,928.62556339917,1028.32375916808,1134.78450923447,1213.59597169934,1283.57044925133,1513.70323628954
European Union,EUU,24186.8860086388,24706.996231344,25864.450418788,26815.1435569608,29125.9659117265,31033.0197788703,32492.6595972008,31816.4081809504,32865.6757719038,34467.2674197305,34936.4881427675,36090.2235109416,37077.0171225769
Fragile and conflict affected situations,FCS,2582.55414514388,2484.98356714146,2839.04029333427,3067.8356712475,3314.34502932378,3553.57115762909,3749.22806542677,3825.8893525893,3990.19908472346,3967.96587438057,4210.64412140253,4353.92430526036,4418.69374541135
Finland,FIN,28605.1223159604,29051.48643326,31201.734943443,32051.7940038456,34455.1053330327,37838.3401920009,40083.6972699668,37972.270046867,38956.4722165393,40916.8385790274,40873.0953326066,41493.1416470359,41757.4021894413
Fiji,FJI,6344.80659829273,6520.69538201286,7035.74951726276,7272.41971049843,7573.56300502875,7634.16881846066,7777.73869404715,7653.44494047449,7914.10092561106,8263.04546194271,8839.51586223556,9536.32634910738,11346.9457863033
France,FRA,28523.8861886505,28172.6956506635,29060.4509858357,30498.5768807102,32468.5415789063,34121.3438805071,35095.2656832956,34678.0623193739,35902.9031102393,37440.6334729758,37679.1189105924,39523.8551519345,40144.0268283679
Faroe Islands,FRO,,,,,,,,,,,,,
"Micronesia, Fed. Sts.",FSM,2664.00776437792,2759.36270856274,2753.53042112328,2910.62480240181,3017.9144443054,3069.22730771649,3079.90160152824,3154.9146810029,3265.53400159196,3422.35584577393,3388.22435736779,3276.42426147408,3213.90713510002
Gabon,GAB,13968.8225732337,14199.3111976553,14315.1090497268,14755.3704074531,14366.1874865316,15187.9208196455,14517.8476438716,14177.1735316114,14837.0170141476,15638.7471684984,15356.2354244887,15114.3775115057,15370.9679935145
United Kingdom,GBR,29062.1238667812,30355.2833801407,32058.4154913466,32747.3540098412,34845.5917720001,35695.2984903994,36863.5847601847,35212.420476946,36576.5865398028,37379.2909657729,38514.0261691783,40218.7472562217,41580.6024876318
Georgia,GEO,3650.85722618158,4157.87940249166,4545.29312196367,5169.06242530316,5860.35839090633,6810.19084575205,7132.20527273598,6986.00455062308,7564.06307018208,8360.29720703065,9826.05275341086,10611.7741169939,11575.547210705
Ghana,GHA,1903.1467390689,1989.76621591995,2104.81052490528,2241.28661214251,2394.92984801893,2500.80421792671,2711.87535105244,2792.96783421253,2973.83342186826,3379.48459855514,3781.86552893947,5294.82002761066,5568.23595709396
Gibraltar,GIB,,,,,,,,,,,,,
Guinea,GIN,1329.79939924299,1345.23912204815,1386.43959589011,1442.75764774239,1472.13032304565,1578.98272513826,1638.24924149847,1595.24056141792,1653.71943629807,1743.94910921465,1795.44780781654,1811.33251750093,1804.54328262549
"Gambia, The",GMB,1908.25810730943,2011.81075527716,2142.75816430151,2091.54609446881,2078.64229154324,2134.51896463704,2244.4966090246,2341.67944907236,2434.88717523517,2215.75710377647,2199.77775031536,2121.48963271537,2027.03635591229
Guinea-Bissau,GNB,1078.8038541593,1080.2477096133,1113.75747338842,1169.45304070807,1203.45094585613,1245.39779136994,1278.24675129574,1298.20126740959,1338.98104821401,1439.28343467148,1355.31356354669,1364.38360971298,1378.23754028997
Equatorial Guinea,GNQ,16076.1818922544,17891.3194541957,24283.6950092741,27963.363619494,29646.2863921709,33506.4476563378,38407.9243001727,37447.9232203122,32965.864655974,34279.977000164,37570.6353966964,34766.0438762572,33696.2164869995
Greece,GRC,22615.9356074635,23896.6057015271,25460.4527360606,25577.5241052346,28549.1517418687,29320.264816923,30856.0118395987,30359.1494613318,27913.0891911748,25671.5160853562,24911.119631324,25986.6503155014,26625.0618096799
Grenada,GRD,7976.99384901288,8862.70977596244,9012.66264799437,10495.8283551972,10353.7204895313,11256.6055061126,11554.1986443002,10838.4291881372,10863.4810030685,11116.7478882167,11163.8153053984,11887.3578830457,13042.0556249047
Greenland,GRL,,,,,,,,,,,,,
Guatemala,GTM,5013.51161965312,5124.38873294152,5313.30678615953,5541.98033488998,5894.58435338262,6310.61154582917,6518.38840007268,6476.42568562952,6618.19053228711,6910.87650155221,7204.73293807874,7446.58800936721,7758.49316980639
Guam,GUM,,,,,,,,,,,,,
Guyana,GUY,6474.78832851104,6550.23130364102,6826.28668762988,6897.71965252718,7469.20050496154,8219.83673713825,8510.44840898141,8896.99490447837,9319.39241925339,9987.42142760934,10479.7780774689,11023.2296762194,10951.7932372614
High income,HIC,29934.6659594248,30960.4361965281,32683.37132304,34274.0661661984,36499.6988509902,38276.449666735,39222.4510260164,38185.1668953343,39614.9566588296,41263.3551390624,42389.9303497431,43763.2385132572,44912.3953414652
"Hong Kong SAR, China",HKG,29631.0658133959,31165.2222565695,34518.3796002245,38056.7033208245,41697.080015095,45195.0405697743,46773.9048738679,45872.586370668,49185.2278668442,52277.4664432843,52234.5923178244,53691.8374784984,54781.6471649487
Honduras,HND,2720.27367721583,2824.6066131014,3006.69595514001,3210.34858637193,3443.77085935893,3671.33194421853,3816.83524756931,3674.23095544369,3778.4619238786,3928.26853820829,4032.58085606675,4142.23845579365,4452.5879909675
Heavily indebted poor countries (HIPC),HPC,1383.44065611984,1426.76950003316,1504.72503970468,1594.35083172862,1692.45064888966,1784.90650141188,1869.12324474872,1899.81507787905,1983.59325936664,2050.49594037606,2038.33692757165,2173.9236608254,2314.55786891012
Croatia,HRV,12769.7752890383,13682.122115102,14675.2614480684,15436.6444120023,17595.7572055905,19493.2350774676,20921.5405553163,20149.5095665253,19967.213732615,21014.7388041606,21397.4867786553,22081.0977857438,22325.0765880566
Haiti,HTI,2211.94273959824,2293.20810098618,2286.15830483806,2390.63063270089,2466.44105099971,2609.8518414406,2688.51644729548,2824.23566975369,2654.6874953426,2805.72729497687,2762.4402754772,2952.30387694134,2965.47903286886
Hungary,HUN,14526.3882629125,15481.3201097675,16272.0058268918,17112.2021738707,18389.4102769846,19099.8517148115,20727.8899694383,20729.783927124,21751.8338392809,23038.8080197669,23275.2318574574,24556.7153473909,25699.7504973846
IBRD only,IBD,4891.34947279196,5219.47997328856,5721.99323043254,6264.82402700783,6992.13930551601,7734.12258918543,8349.92618489575,8598.36753578595,9278.74639205171,9990.4501319885,10598.076596886,11089.5825725707,11406.3043779323
IDA & IBRD total,IBT,4216.89907822119,4484.01925052345,4897.0920814503,5341.29190784597,5927.89642476277,6522.95970080679,7009.89473993947,7206.33895824538,7741.37565590758,8295.04788592827,8755.76440111429,9151.08957128599,9414.34250635538
IDA total,IDA,1790.42326584772,1871.99486505327,2005.16163818735,2145.4069808462,2292.58868299858,2440.10069195732,2551.84735398497,2635.94790942887,2760.27255614871,2871.25431347583,2932.22555339782,3095.39969984715,3267.9400990907
IDA blend,IDB,2662.2715930098,2790.42182618961,3012.52852478725,3219.70654594255,3430.44732946012,3635.8179919229,3759.85790261703,3901.32806367926,4060.4540337316,4226.3278192858,4303.04869358623,4474.53952826891,4682.0481828763
Indonesia,IDN,5190.36506184994,5465.26410319843,5816.18175310762,6254.61438201153,6708.57559394908,7229.53828174622,7710.66630411965,8021.7480651122,8505.74814801885,9095.74172295514,9713.90048730631,10067.465744305,10278.1773057998
IDA only,IDX,1355.74513444093,1414.59495278094,1503.66901975439,1610.96334968167,1726.72015152728,1845.4179860676,1951.12145708127,2005.87952265713,2111.60050246862,2193.67600054193,2245.74357938619,2403.97961230775,2558.79904698534
Isle of Man,IMN,,,,,,,,,,,,,
India,IND,2287.63002432831,2472.10373642451,2695.89367354208,2953.10925891283,3237.29479935858,3525.31445360065,3650.94294321966,3912.41821142619,4236.74434794867,4493.6694656757,4861.15615236202,5057.23341374821,5233.88234251319
Not classified,INX,,,,,,,,,,,,,
Ireland,IRL,35222.028724352,36283.1208415968,38733.3496935931,40466.2343515711,44232.3730467878,46773.4866018105,44169.0943411644,41471.0799783739,43203.1200753797,45080.1886960425,46361.463694173,47830.6308878373,51098.2666828245
"Iran, Islamic Rep.",IRN,11284.4301742386,12341.6113436569,13070.5594888626,13745.9204152237,14702.9592970904,16150.3345044379,16326.3227349257,16433.260155174,17388.8956144627,18008.8017990523,15950.1005222497,15273.8423174397,15235.7016903585
Iraq,IRQ,10107.2853122182,6339.83580001657,9731.94000223657,9972.2761727672,10646.219957566,10953.5285487172,11883.3682503173,12127.6264613821,12717.0171365756,13515.5459272349,15163.3501421971,15535.345982143,13888.076375953
Iceland,ISL,32607.1058796568,32699.2417213139,35616.2006730045,37322.7399272793,39700.3293648154,41463.4255441211,43728.1140564123,41864.1882622629,39775.2970758147,40936.867830513,42004.4476110597,44409.6689530904,45996.9687476901
Israel,ISR,25230.0115735794,23845.3129228722,25238.8807780848,24853.777869328,25700.938363473,27513.1431348785,27510.0398505497,27461.8619824006,28840.0453543033,30636.3523794417,31846.3558349163,34324.3781471447,34366.1810180223
Italy,ITA,28736.5771073504,29196.9278993071,29554.6890881879,30130.6444569128,32453.5837076357,34141.2007728064,35523.2713104342,34602.8969588528,35158.4418435321,36598.0149693024,36486.2967870302,36314.6971007775,36194.873918843
Jamaica,JAM,6723.67797400257,7056.14797251069,7300.05846676836,7553.20140626909,7965.47713872543,8255.17353330254,8306.50486208059,7966.13079910865,7900.19947850272,8159.87616499912,8187.19367364946,8442.98366743102,8545.10283669967
Jordan,JOR,6611.77107475455,6864.40892478109,7452.61881488401,8043.57046247319,8619.9057615028,9171.45117681501,9565.49434635629,9628.06041278083,9460.29137317501,9402.61620431877,9189.18921425581,9322.30245386442,9181.04637245796
Japan,JPN,28623.5884479367,29392.2489916186,30830.6584466434,32169.867493646,33634.6317066787,35015.9865745127,35273.791152156,33547.2834245767,35335.3735103814,36214.4397740241,37605.9742614539,39402.0250988025,39555.4120089198
Kazakhstan,KAZ,10021.8969616521,11119.8870659711,12428.8368274929,13934.7211410695,15725.3455018466,17384.9245216253,17968.236337141,17962.8301156342,19225.0769114856,20779.4442514491,22032.1745436853,24504.7660856694,24726.4728671586
Kenya,KEN,1877.24776077419,1915.56864799582,2012.05347434018,2137.90313421487,2281.36970575576,2434.79231785387,2420.01464325445,2450.74977904484,2607.14450931565,2723.54644927835,2830.69437284951,3097.63062683564,3357.64164087167
Kyrgyz Republic,KGZ,1999.67267333691,2157.26538583233,2342.49274373412,2384.17802618996,2505.46516840785,2766.05448201973,3027.86302353124,3101.33692808776,3085.65193549234,3297.36683733653,3618.14972576533,4042.89305300409,4281.82407398556
Cambodia,KHM,1237.65377684645,1344.62396744375,1499.08623618028,1723.31431659366,1936.88290122022,2159.6246093729,2314.46201172789,2299.38688435977,2427.24450158608,2611.30634889515,2868.73751520968,3045.59096086616,3185.33627228952
Kiribati,KIR,1624.51399501952,1658.77443549094,1644.97729239503,1745.09307498391,1758.50162056993,1800.68523620503,1756.75297072952,1746.02732699352,1716.01467883602,1749.11800448005,1838.1892842938,1921.67690185163,1916.91658718487
St. Kitts and Nevis,KNA,17562.3889300208,16966.6685638925,17895.2222412073,20019.9867453382,21059.3000033717,21556.3300833194,23122.9094973157,22162.3965385714,22096.7052046653,22770.5051922447,21489.2597931986,22153.3319982916,23950.1374239284
"Korea, Rep.",KOR,21396.8377455369,22095.870826347,23773.8286536781,25186.8675668092,26884.2673283358,29064.9180846867,29946.0774891302,29508.3815060615,31736.6284370925,32546.7536531234,33557.1287196434,34244.3121393117,35324.4976704773
Kuwait,KWT,57617.5352981834,68071.0486418975,75700.701887299,83689.2693299015,88660.5211134062,91473.2067021071,90096.4356867852,79424.3808368516,73965.9706064094,78178.220365833,82680.4059382088,78058.3800591345,70082.4628390641
Latin America & Caribbean (excluding high income),LAC,8632.07238280002,8902.67032597239,9509.26547626338,10080.4647551022,10859.0244542995,11615.8796608566,12247.7151653862,12074.478146991,12885.3654630306,13734.0562954725,14002.2920749291,14480.6330213039,14799.0531167364
Lao PDR,LAO,2064.43069287024,2196.99165097596,2363.31882940603,2569.53695938615,2829.04196752427,3073.74230404589,3321.90977582414,3538.64849919854,3822.62530696679,4150.82613441104,4841.6453151231,5289.47800666765,5873.74929676345
Lebanon,LBN,9170.33142067268,9189.06503845454,9667.99948282453,9955.02055625405,10281.7257712846,11522.563002592,12819.0111640016,14095.5675986609,14961.734925357,14669.4158186121,14819.5910065295,14976.7807369919,15029.2750434859
Liberia,LBR,1037.12222982553,725.385427162219,750.144320446725,793.494672404154,853.792032369622,923.515010034857,967.94573927535,987.008157068945,1022.05648409605,1093.5403199434,1204.51655551205,1387.42164069362,1417.82928617835
Libya,LBY,17653.6789022732,19998.5860744017,21116.5771082048,23987.5462296911,25925.3661924822,27896.3033844386,28792.910311347,28430.0841718262,29895.200306028,11482.1006621486,24285.2962607423,19869.1392687734,14303.0129938786
St. Lucia,LCA,9173.64072440385,9673.42475329533,10570.7762935141,10749.9007590603,11621.2503420166,11971.2680125042,12629.8233110619,12207.2701410652,12412.8775135974,13256.9264087396,13079.7725223798,13489.6960909185,13760.2507849254
Latin America & Caribbean,LCN,8864.90114495758,9092.12402062646,9787.48062876284,10408.7908127211,11285.4158221125,12085.0031079942,12693.7806575956,12490.9873694923,13270.302267433,14142.4093862561,14429.2565053139,14916.7188295725,15237.8465636526
Least developed countries: UN classification,LDC,1336.11424154557,1398.129651273,1492.18049369765,1615.12104295837,1740.53410669399,1876.65420169633,1992.02481782433,2047.05638482711,2151.35595654578,2228.26894284322,2282.4802082152,2397.93845674034,2548.34425408414
Low income,LIC,1062.96807193149,1103.94468029381,1167.55484648216,1247.63500600881,1325.53709277636,1408.5650857633,1475.08436371956,1498.95824232794,1579.4134910967,1591.31308674161,1510.46825697807,1577.78800578889,1703.5492989154
Liechtenstein,LIE,,,,,,,,,,,,,
Sri Lanka,LKA,4542.33736932593,4860.33813415959,5218.68123598677,5670.95512893446,6242.37155825562,6795.34479692121,7287.58522156073,7550.29488741207,8194.26925385045,9007.73419869631,10315.1802471606,10852.0640424766,11256.8560497537
Lower middle income,LMC,3106.66501116903,3312.21636531395,3567.16650543834,3842.24391268716,4150.97357934957,4485.96074043766,4682.49233268891,4856.77530813901,5158.02960892557,5434.07626222272,5726.83380685413,5942.60104535985,6101.75931293537
Low & middle income,LMY,4083.92335072862,4353.61614819253,4751.8577451241,5188.10566362741,5755.46066673219,6335.12573951625,6814.63553486891,7014.21622105213,7541.14808534325,8080.97462999069,8536.34420454017,8926.18424350764,9184.90251004185
Lesotho,LSO,1362.29025889422,1459.11030722048,1533.17180210684,1643.78795997605,1770.65411624528,1897.23119034139,2040.72878279478,2027.40340076815,2153.15499407616,2290.12869540648,2308.92903476102,2563.06835117203,2804.17866694461
Late-demographic dividend,LTE,5462.50218555728,5934.72854218011,6551.83424196364,7255.43635562209,8258.65163469711,9289.17224300777,10228.2791989008,10623.6907614228,11551.887394966,12615.9219898069,13452.6290001563,14181.1571947388,14657.9435983961
Lithuania,LTU,10480.7210077901,12067.6741095107,13030.3604109567,14510.5300945386,16483.8503582706,19094.640961399,20721.0131961211,18116.7302641547,20096.7360969805,22884.8249519631,24703.6858202502,26721.5796712844,28184.4723303858
Luxembourg,LUX,58575.6792717544,60196.5435069655,64692.5970672682,68787.8547494266,78878.4577485144,85109.8794476383,90970.7211980147,86875.8537667967,90361.783087755,94475.0302265023,96636.426643956,100925.011992241,105296.284588232
Latvia,LVA,10081.1918636281,11060.9427198934,12278.5848367366,13913.7883003324,15859.3153882025,18236.6092064703,19573.1553855671,17023.7549183562,17706.894512358,19248.419400173,21290.4595879,22639.0683375842,23815.8000623115
"Macao SAR, China",MAC,38757.9138758894,42986.6761913187,54543.3987851778,59366.3996868845,67816.2011331858,78028.4673214714,80531.3992061625,80435.5939149709,99581.1358896986,120804.824153496,134012.014837169,153563.910960352,152856.3410853
St. Martin (French part),MAF,,,,,,,,,,,,,
Morocco,MAR,4014.23916540692,4281.40038891461,4553.55713467899,4793.26702800313,5250.52167643913,5516.87427112371,5886.67211198563,6107.38027064461,6332.12566680149,6712.32317824853,6702.41832426533,6916.01303173881,6609.60910787755
Monaco,MCO,,,,,,,,,,,,,
Moldova,MDA,3678.12846682428,4004.96099950252,4428.07283180443,4920.41306115406,5327.428299442,5647.72573249059,6218.49981632334,5897.39182807244,6396.08927156131,6913.60229203322,7363.1623193664,8381.67183313924,8827.05410758548
Madagascar,MDG,1174.40836053475,1274.20005727529,1336.76551621615,1401.93022091848,1478.50289452799,1559.22791109797,1648.50371739881,1550.57801091411,1534.89112152889,1548.32741597957,1530.9340896198,1535.48843476948,1555.82248042838
Maldives,MDV,8594.78380590605,9678.61476132894,10248.2502404748,8940.54434892845,11336.5738366033,12251.6573568451,13345.1670673242,12123.856562913,12712.3432126961,13542.9986741713,13690.7351991166,14774.1856353898,15993.0586879357
Middle East & North Africa,MEA,11638.264552238,12162.4309569221,13249.1608045552,14009.3251042293,14903.5911941203,15751.2517336317,16421.396916049,16318.1180443517,16972.3018175015,17564.6994118044,18143.1663031611,18029.0048276921,17695.7302157061
Mexico,MEX,11187.4769618308,11488.2956282873,12090.9912069056,12657.6376721808,13812.9013959234,14297.2213852569,14924.8216140502,14547.6445830778,15255.019052785,16520.2592224915,17162.9273706838,17373.8974567258,18056.7898061476
Marshall Islands,MHL,2696.38204630264,2646.63562292303,2692.77029384939,2801.82673284151,2850.283957167,3006.25121118336,2869.19595343828,2978.41654792611,3208.01210799298,3245.58466417689,3221.19465655288,3396.18764714644,3411.16024031588
Middle income,MIC,4346.74855663157,4640.86395407108,5073.78885546744,5547.83598404097,6166.35129000008,6799.54444992877,7326.16677811344,7551.03129514868,8130.28259920035,8731.23661098994,9249.24495316635,9681.83505011059,9966.04216452768
North Macedonia,MKD,6395.22634785465,6595.4519699919,7172.00498731467,7848.88296708719,8690.23692593986,9350.90777909298,10521.8967333656,11009.9915852452,11361.0093874551,11689.9057671613,11915.6898657268,12727.3364143546,13434.8432361896
Mali,MLI,1320.21236468532,1422.56168591077,1437.30313074196,1528.69378242072,1594.96501250136,1639.39368098739,1693.71971543993,1731.26843862105,1787.16167369972,1826.64755699191,1763.84025100346,1812.96622016798,1915.30447153208
Malta,MLT,19599.9414329873,20929.3954917416,21545.4251923105,22306.6228714756,23320.9598431822,25059.1377146874,26523.5326924729,26649.6041313751,28722.7021856242,28973.2708577894,30243.8413140141,32295.8473400221,34344.0217879777
Myanmar,MMR,1054.92519029011,1202.79183487972,1392.31676831569,1617.62678007034,1874.90036379915,2151.9464749068,2421.71296672503,2676.99756052717,2960.24121524112,3224.50101969619,3547.13065293373,3782.57259536657,4009.96256191736
Middle East & North Africa (excluding high income),MNA,7511.20507280964,7650.02584107275,8346.33165685552,8818.81792876992,9385.27630264206,10051.8273125744,10437.9769898254,10601.0013956643,11086.6073300061,11043.5665072068,11336.440838757,11229.7398504275,10880.8862244602
Montenegro,MNE,7100.32463176472,7340.86099625212,7842.30215116776,8313.65223425161,10458.7261021072,12459.3179568578,13816.5733090898,13022.1453737403,13636.0150798042,14472.4848211905,13863.8907024936,14870.1529377846,15371.1425541614
Mongolia,MNG,4095.95647262826,4418.13842487967,4963.61772704887,5424.23011840358,5989.65998472923,6689.46229209468,7319.09689240988,7167.24678918012,7581.54667133989,8912.87339142443,10227.5302746287,10549.892056039,11056.2985279189
Northern Mariana Islands,MNP,,,,,,,,,,,,,
Mozambique,MOZ,574.149654439252,606.707277750018,652.795962157088,697.431101166552,766.276874849406,824.482004497989,877.598449107282,914.777067512634,958.937458879074,1023.06508419963,1035.52243745772,1084.98419022789,1139.05178224398
Mauritania,MRT,3005.95073314967,3183.3181662141,3328.10640061893,3621.09155635431,4290.19748727981,4196.50015895176,4142.72234424078,4058.74088785121,4092.07881397772,4225.57126156528,4262.06369701868,4481.25184237154,4295.05148877935
Mauritius,MUS,9696.47890758904,10386.3468050591,11058.2433058734,11536.8766924448,12406.3264296181,13407.9774212466,14353.1130641042,14902.3542077619,15698.522154027,16653.2438040789,16963.5112414049,17866.3068173778,18488.0467911726
Malawi,MWI,922.255371141584,969.271613218135,1023.58983881031,1061.99455726456,1114.85175571915,1220.0820087804,1301.18411473162,1380.05580229209,1449.88396694258,1508.19213217463,1467.13818103389,1572.83347157144,1530.93075354758
Malaysia,MYS,13606.0510296712,14369.8270420309,15450.0485640401,16454.2153771604,17549.6029455376,18784.4843116974,19695.079208937,19193.1918612103,20508.7575347559,21704.7442727685,22985.8016562374,23477.9911663813,24607.6687337619
North America,NAC,37333.180091286,38797.9768451061,40951.3325850198,43353.1161276907,45498.8334113801,47154.5630796629,47598.8166950234,46291.2418528326,47642.2963604211,49070.8868996882,50678.7252209005,52229.6301430596,54121.6156909658
Namibia,NAM,5550.08102115218,5806.29946778991,6593.76263973393,6861.14612871679,7442.05620517631,7911.39503668299,8129.63007145251,8067.18288617816,8499.51964031467,8958.93231325387,9341.10668346837,9735.53264349043,10467.228042144
New Caledonia,NCL,,,,,,,,,,,,,
Niger,NER,843.943189521231,846.471796189349,840.65698030462,896.352693822855,942.319883085811,961.246487390392,1016.56153590448,1005.3741075297,1062.68991377908,1068.24485293081,1158.66902042007,1127.34895266869,1142.51686453172
Nigeria,NGA,2780.79229751906,2964.36299241115,3241.72449622315,3467.10515604015,3690.84024899033,3934.84253684898,4170.73291406376,4420.974011199,4703.20483066808,4922.70234464027,4982.94539878236,5225.17293432225,5507.16949454144
Nicaragua,NIC,2911.09479290476,2998.08761692462,3198.34719897089,3392.56217832768,3590.83108463621,3821.59213644485,3974.72954977733,3820.50291722455,3981.08092009041,4263.15777678703,4427.94692395537,4610.29898129055,4941.6997020079
Netherlands,NLD,34447.2053180645,34149.6192294255,35809.785664396,37625.5617084958,41013.7866357674,43939.1453400262,46420.2016795592,44556.9211528341,45043.9042332404,46599.02103045,47272.1030187972,49241.5178406305,49233.2153954401
Norway,NOR,37980.3539761745,38593.7083511957,42549.9438731467,47797.5299472052,54160.4818000859,55930.5334666428,61716.5997128422,55364.21942385,57919.6519537143,62076.7406576686,65354.7792483883,66961.2530988205,65892.6892787813
Nepal,NPL,1428.54947569054,1491.05904679104,1581.55906917053,1666.24845791235,1752.4997982394,1838.68764767773,1967.69982881858,2055.85226983614,2169.51535889719,2288.24933744554,2505.39181045661,2702.22496263423,2947.31648725396
Nauru,NRU,,,4388.56866309097,4413.98469674832,4984.52380321924,3940.87749856642,4893.41995828773,5343.81598292718,5968.35221763453,6662.3894954113,7511.78951965066,9913.08075621947,12677.7294911724
New Zealand,NZL,23306.2795376277,23973.6339583007,25091.156979407,25677.4190803252,27755.5270442179,29369.8081937436,29827.1425475385,30681.2445433491,31222.4544777381,32701.3785970948,32988.6097597613,36242.6212285958,37293.3567850718
OECD members,OED,26210.4400649331,26983.9628941038,28411.1346617087,29745.7206378168,31721.2706823363,33254.7092224075,34094.3100870095,33186.535219948,34433.4516408051,35869.8134850499,36841.4291523639,38143.9965645076,39277.5494760645
Oman,OMN,42677.7036960788,41400.529436579,42019.2011586301,43244.722390149,45682.4913777081,47589.3976815013,50703.5844873735,51852.5053946245,50456.8583608358,49583.7438125858,50848.4758068356,48174.8497105683,44374.8815932721
Other small states,OSS,12315.8568951334,12902.6824553059,14253.4868120949,15197.4845102003,17085.3722257797,18948.6535855859,20500.0619473348,20801.9810123154,22428.8149381291,24192.1683408087,25304.6037924784,25593.8777461843,25411.2312244071
Pakistan,PAK,2753.54073972718,2898.03298255964,3127.69076876858,3357.36342582462,3579.96243151875,3766.85556187164,3818.07198504114,3868.7439423357,3890.29061860796,3993.55936698761,4018.73273731874,4103.62956351879,4238.63386740085
Panama,PAN,8594.07054624109,8951.64979075647,9701.82263306321,10527.4555523952,11570.9739310535,13066.8607191987,14373.6501462201,14405.1109633029,15153.5359627257,16923.9465178769,18679.5139433198,20809.8551420422,22897.4026269576
Peru,PER,5423.64423020835,5697.43212566785,6084.89253463637,6610.89170564893,7262.25808387806,8026.61032508827,8857.86386069926,8951.01253484043,9730.42110393424,10476.7963282297,10767.6773277036,11295.9632644083,11510.2788763872
Philippines,PHL,3657.97035711492,3835.91675156979,4115.76881393865,4370.37388742261,4657.70879087958,5008.20140940702,5239.72693823081,5268.4949835375,5626.28116096019,5865.34355124333,6296.82761392706,6614.68352374649,6960.90071577639
Palau,PLW,11083.5522044119,10827.2608446865,11629.9176925208,12515.5798567576,12999.0553625889,13892.3999706002,13665.4364049565,13156.0850110896,13587.7609130582,14970.4976508244,15612.2099658668,15375.9763831751,16625.2693888659
Papua New Guinea,PNG,2066.01305723403,2106.82341943971,2176.64556336535,2335.16219732148,2477.99474593437,2678.30277277385,2656.8648318486,2791.71539390215,3039.78415744895,3069.759742115,3206.19582460322,3318.80093671364,3761.5234315663
Poland,POL,11804.2662616751,12288.4628747003,13353.6821006072,13896.7933802513,15152.3360834285,16802.8339050496,18303.3529197974,19239.9284691728,21072.5265773139,22827.6981360924,23745.6977950948,24567.5061660535,25475.5046935927
Pre-demographic dividend,PRE,2206.03828883557,2120.57946150544,2400.88914730954,2544.41513509732,2706.69945904594,2860.50792979351,3017.73441343417,3093.26502743774,3237.13854312448,3349.39282251521,3410.14903375191,3553.3533007051,3642.65305987513
Puerto Rico,PRI,25485.6265883854,25956.5348844852,28981.3984677503,29332.6521339588,29920.8257974594,30545.6741727125,30745.4158591417,30541.064185524,30925.4008276163,31824.1548383855,32582.6224082106,33172.6712604566,33682.850026137
"Korea, Dem. People's Rep.",PRK,,,,,,,,,,,,,
Portugal,PRT,20356.647299736,20851.0885383283,21477.8261820846,22725.2774946084,24682.718852129,25733.1270889579,26665.8372952939,26458.9110362123,27261.9534524665,26769.5118850004,26438.0163019973,27936.0396644563,28742.4403783509
Paraguay,PRY,6590.16727798235,6876.99709020228,7223.55654044822,7485.2992173735,7960.72539286794,8495.33699904283,9097.52048887733,9020.30802243108,10001.5304279296,10503.5958528238,10018.7236347841,11062.5587335491,11454.4288765968
West Bank and Gaza,PSE,2180.40814831813,2468.29508254462,3012.52583486031,3369.87431461041,3350.53654534339,3480.78964729478,3708.66444163563,3951.23499279619,4119.81946577185,4494.7313227255,5255.82560942147,5371.68710020242,5510.13293040455
Pacific island small states,PSS,4062.35344694293,4167.8662816898,4417.96855072541,4583.25876661156,4766.23842643395,4858.50695226741,4961.54297431019,4875.61843742046,5016.72418238344,5240.71788693297,5443.61608697107,5720.12728006546,6404.33137491486
Post-demographic dividend,PST,28876.7464461688,29820.2284877436,31430.6530982234,32960.4144277658,35092.7333183199,36815.5892121717,37720.297511483,36682.2564043761,37991.3244456591,39433.2714925299,40488.0662477667,41968.0517832803,43104.9206972225
French Polynesia,PYF,,,,,,,,,,,,,
Qatar,QAT,103476.338362077,102757.778658013,113857.654034282,109856.952919085,120838.17387899,122882.838501804,125010.697400631,122424.611957113,132047.986609638,139358.96529319,141634.703824582,138229.768973896,129068.578897594
Romania,ROU,7162.36577844649,7559.97534934003,8990.32564986372,9602.10475909396,11556.6242467632,13700.0935664487,16782.22907266,16631.8581907197,16976.2590867185,17896.2758641785,18869.5689682481,19781.9257079992,20657.6732894791
Russian Federation,RUS,8037.47453541558,9254.53720076475,10226.7661539289,11822.3469289417,14912.2339332667,16648.2416399717,20163.6094155718,19389.9411762443,20490.1267193879,22798.6744273279,24303.4734145818,26073.8745307451,25761.6480209933
Rwanda,RWA,757.356050041669,776.423763010956,844.534663998542,935.300422713991,1028.87654054542,1108.9077304164,1223.56616194506,1275.34996299171,1349.45209368748,1450.57947764791,1488.66970702579,1543.27340017594,1706.6729870342
South Asia,SAS,2253.96617777905,2420.98035990282,2629.03983843958,2868.29114031398,3130.28609614209,3394.24285755529,3516.99190098671,3737.92819820169,4009.71460159711,4242.34782022779,4572.16867907171,4757.74531411709,4934.33450846635
Saudi Arabia,SAU,37667.0237662961,41441.8611624282,44601.7786980441,47161.1288397301,48552.5274052976,49394.0191905268,52047.0669155565,49933.1936504237,51529.8278892236,56133.1441876452,57364.9851130461,55908.2499274917,55726.1023123695
Sudan,SDN,2935.65946277374,3090.62407144541,3245.03843395758,3437.78805669938,3669.80834963975,3876.12343595526,3993.36963604284,3809.61174608248,3900.26886823222,4216.37340803469,3805.89564036037,3838.36005087359,4427.44859014333
Senegal,SEN,2064.22952231147,2165.88941959296,2269.64126525561,2379.57033883869,2444.33033507418,2513.63954347394,2587.11748099237,2606.83823358733,2652.86079189005,2669.51708596393,2739.41900043656,2742.42073611368,2830.69730880355
Singapore,SGP,45120.4076999013,48756.5625513753,54301.6977527417,58717.2171494993,63910.0846986138,68628.382588078,67576.8628304768,66149.0046454714,75294.35655382,80052.3914982651,82064.9611910836,83001.7878013707,84423.1913432675
Solomon Islands,SLB,1437.82463758087,1519.68490510167,1622.54987912086,1723.06739974187,1818.32755751358,1906.54475235642,2010.60602801299,2030.07539473092,2177.11470760574,2324.07367209321,2349.60879217402,2451.02332851887,2454.93054654717
Sierra Leone,SLE,786.369901943518,835.957177085289,875.879113735505,908.469057737067,944.768967643814,1020.25019883979,1070.51347419707,1088.37429210938,1134.08820259398,1203.21063825736,1405.57337746676,1746.55573739037,1787.64683702698
El Salvador,SLV,4692.30731825899,4828.40190238636,4977.80679954569,5247.31155659359,5615.68672543057,5848.36915211128,6063.1485118757,5956.67744591121,6126.97339476277,6465.8084892608,6541.21616386338,6877.14637566515,7233.1952211983
San Marino,SMR,56226.2496546212,58684.5061682967,62176.3279174503,64812.4483017616,68467.4004074651,74368.2719999965,74527.862927686,66491.1545124906,62777.5326569631,57954.4296788917,54450.4840286607,53465.094018955,55432.0699369456
Somalia,SOM,,,,,,,,,,,,811.035746876866,931.04272114061
Serbia,SRB,7224.61832047595,7645.78577655798,8487.60464529993,9181.68830136227,10209.1835204463,11236.2250771166,12632.0778382091,12533.9654665528,12798.2721299571,13746.9250214832,13933.8446248778,14629.006797234,14659.5795098857
Sub-Saharan Africa (excluding high income),SSA,2293.41362688854,2370.83554690223,2527.8023430521,2692.02551461111,2864.94450554501,3040.79145281976,3175.85307496038,3208.05948956847,3342.2149244154,3462.88250443217,3451.45252597559,3624.9671952166,3786.08046563412
South Sudan,SSD,,,,,,,2910.54254327568,2944.009609381,3020.94800513734,2844.51699642492,1519.14231359104,2099.23685884664,1495.50975414434
Sub-Saharan Africa,SSF,2294.83877607005,2372.14756180412,2529.05823272354,2693.41550325886,2866.4820754921,3042.50965435534,3177.49730195414,3209.64796932561,3343.87201339592,3464.68971654285,3453.19487666918,3626.75432728709,3787.97520497937
Small states,SST,11339.8080078578,11944.4658723798,13090.9789385729,13946.5364397221,15598.1806272018,17138.2197967769,18386.3939581404,18526.6966638356,19819.3744656019,21241.3546503151,22100.8617168447,22405.9953846399,22361.5136152283
Sao Tome and Principe,STP,1880.47437999741,2001.19931301347,2087.5972070783,2250.63343635449,2464.32094404129,2540.24760106251,2722.65661386723,2734.0053919294,2876.87523455072,2997.20127372139,2954.73599678325,3319.0753299559,3817.19031592763
Suriname,SUR,8290.67474808246,8871.60523126091,9769.86504832506,10405.6786663813,11210.7956395906,11960.9797390978,12552.9764862972,12880.6413064906,13548.5332311099,14475.0726056728,15785.1235672236,16815.1104323619,17261.0755848226
Slovak Republic,SVK,13312.203306834,14181.1218408567,15226.3384286297,16639.3941239799,18914.02796042,21222.3803347842,23725.8577558996,23080.5865355505,25302.2327160354,26145.8893829396,26888.3480996682,27915.4332088556,28929.526363289
Slovenia,SVN,20241.5256786998,21112.375224886,22760.9469717198,23852.6430383942,25720.4495520146,27570.1451925507,29604.2914690241,27537.7584612632,27826.8723437553,28931.383323805,29042.8202729641,29973.6993541529,30870.0236667425
Sweden,SWE,30926.5055989396,31814.8635093299,33858.6114263449,34244.4650156257,37730.1637455216,40905.1458740502,42158.2956995539,40279.4615973941,42223.9196702844,44608.5802614915,45432.4319692761,46312.3923824667,47184.6691338182
Eswatini,SWZ,5101.42952973323,5378.04199868851,5703.50576523464,6208.02654850338,6743.02954493251,7185.80993113114,7334.44491171221,7452.68629709854,7771.33143932733,8057.56380133461,8266.49172472382,8708.44027948732,8798.29399019978
Sint Maarten (Dutch part),SXM,,,,,,,,32614.5202553181,34232.355106759,37233.9683840429,32878.4408816334,32478.2989639344,38858.5814633011
Seychelles,SYC,14200.5851911352,13767.6770632411,13786.2865427819,15424.3274000404,17027.8441744009,19209.1583372974,18738.6110373725,18599.6254746883,19387.8625271702,21922.7395312636,21565.0379982842,22369.3912169768,23889.7837988235
Syrian Arab Republic,SYR,,,,,,,,,,,,,
Turks and Caicos Islands,TCA,,,,,,,,,,21235.7429605901,19374.078126791,20119.5319548634,22029.9612297006
Chad,TCD,891.92272257169,1002.79535771602,1325.09610042437,1545.73941230712,1547.58505903577,1586.39517827262,1612.14549869414,1637.80434115976,1819.69507191267,1797.74979651577,1730.79396361338,1569.05870411625,1677.0903310444
East Asia & Pacific (IDA & IBRD countries),TEA,3888.14486219332,4260.71539924633,4717.6480936529,5279.62726268126,5958.62473297181,6786.91098859018,7432.5230937585,7985.78992508617,8790.03374779719,9641.70496281182,10442.7878328935,11031.6458620497,11535.9505524803
Europe & Central Asia (IDA & IBRD countries),TEC,7522.98472611542,8229.68693489771,9177.91328515817,10196.2862942553,12050.9169741095,13437.3624087956,15317.4602232925,14930.7190191612,15967.6783226293,17535.9722339308,18527.1511182511,19846.5236988219,20263.3628830571
Togo,TGO,1001.32744169826,1061.18602237763,1052.02491600185,1007.66061443953,1037.70015234096,1025.04310076195,1058.28434184322,1095.26284696965,1144.33240628451,1210.14284741094,1227.15615932305,1275.32531822813,1328.38029110687
Thailand,THA,8179.39791825619,8863.74089898519,9608.54569481236,10256.3348319773,11024.8482113762,11869.6744503848,12244.8189389977,12191.4143933543,13195.3710969019,13519.1290212159,14870.9755534493,15407.6654018139,15480.2107903621
Tajikistan,TJK,1278.36694213755,1419.99898899884,1579.25260198499,1705.06752902129,1843.44683002803,2000.14589072542,2155.20033796986,2208.88978211505,2328.45750918529,2496.58220381777,2750.35506308297,3027.81412582447,3303.09819685826
Turkmenistan,TKM,4548.01832877158,4736.91428393093,5055.94467065404,5829.42818075931,6588.02983396395,7420.55944370704,8561.57583433798,9021.14387891003,9810.61205370553,11294.9680818522,12057.1822385492,12739.1795756826,13490.9970361539
Latin America & the Caribbean (IDA & IBRD countries),TLA,8768.09260415167,8994.36686940358,9675.84041681618,10300.6859625282,11182.1557811462,11985.4964320423,12599.4791119848,12397.0873371316,13182.5146899515,14057.9662652638,14344.6767849867,14834.4250009382,15155.5692331217
Timor-Leste,TLS,1351.01938404761,1311.38455593269,1317.60445167199,1366.55984466085,1321.61947074332,1467.58902030523,1636.48876269232,1784.35827606161,1938.85296942656,2060.24777126229,2345.54533919972,2483.17526884426,2721.04196769099
Middle East & North Africa (IDA & IBRD countries),TMN,7569.55323863817,7707.24541422661,8405.76785090203,8880.06600931894,9453.61059932978,10126.8123859724,10515.5461240395,10678.3746789585,11168.3245370349,11121.0132563481,11408.9524142,11300.0457702672,10945.6772970188
Tonga,TON,4076.8406453827,4224.16425430563,4206.99700219636,4311.6985292509,4400.42839638835,4492.76677228502,4760.27193103549,4524.73128953376,4610.50758977194,5048.27706228757,5228.95002753247,5388.09849343289,5639.83747588246
South Asia (IDA & IBRD),TSA,2253.96617777905,2420.98035990282,2629.03983843958,2868.29114031398,3130.28609614208,3394.24285755529,3516.99190098671,3737.92819820169,4009.71460159711,4242.34782022779,4572.16867907171,4757.74531411709,4934.33450846635
Sub-Saharan Africa (IDA & IBRD countries),TSS,2294.83877607005,2372.14756180412,2529.05823272354,2693.41550325886,2866.4820754921,3042.50965435534,3177.49730195415,3209.64796932562,3343.87201339592,3464.68971654285,3453.19487666918,3626.75432728709,3787.97520497937
Trinidad and Tobago,TTO,16845.8782346019,19539.4048064546,21550.6709980195,23485.5304913971,27264.7716451549,29196.0234843435,30632.9920857471,29366.3564030865,30528.8931380997,30887.9827973072,30063.3274626865,30059.7156457675,29698.5699447137
Tunisia,TUN,6726.51123239183,7120.21858821098,7708.18886365193,8156.64497357494,8762.2979006963,9504.9263660909,9994.05387159558,10267.0350662332,10640.6146800597,10576.074140376,10731.3648923533,10769.9080408074,11024.809216739
Turkey,TUR,9401.23132772185,9699.92386379777,10979.769043155,12003.8479309778,13748.436532895,14986.1491469257,16182.4805088566,15597.9969428862,17542.1974989753,19799.1156771937,20772.4989492004,22438.7142497217,24090.2360374724
Tuvalu,TUV,2706.93009393983,2629.38179405709,2623.99163626901,2570.64485310905,2672.73646261111,2889.97863307234,3151.78604443587,3006.47092401387,2928.11876260496,3182.19911438705,3084.57309263809,3250.59005568992,3317.4322873683
Tanzania,TZA,1331.99250106647,1407.38692221876,1510.49533096981,1627.47038455021,1736.73159786729,1851.17301636046,1938.7204965821,1998.29789444736,2088.09771915927,2228.69649535672,2099.42972210947,2194.88485866424,2243.59245177191
Uganda,UGA,1274.12655135011,1338.54218012418,1422.12805083138,1510.66554659779,1670.71134018788,1802.20738807063,1935.21785692282,2017.66556576627,2088.62199281003,2259.4428885976,2013.88071077228,2014.27496126491,2088.40733058904
Ukraine,UKR,5177.01359617013,5822.02875221654,6734.88271360069,7210.60349505145,8045.48650081632,8993.8938563655,9425.43953464763,8095.59141512148,8558.99171339789,9246.76919300463,9705.35870651105,11111.0514341141,10743.5863638157
Upper middle income,UMC,5756.31268430795,6165.14736016122,6818.727083073,7541.80514899526,8545.18848392112,9556.51110575798,10506.2474268636,10820.2433690904,11769.0159394682,12800.8164679212,13626.5004064203,14359.797071103,14832.9108763786
Uruguay,URY,9427.15285991748,9686.49510153065,10451.8934493213,11580.3856760681,12406.3658786305,13547.1312743656,14764.1876516712,15464.2622035389,16817.0790492985,18002.8938254166,18192.3297038387,19130.0613970595,20093.6240651453
United States,USA,38023.1611144021,39496.4858751381,41712.8010675545,44114.7477810544,46298.7314440927,47975.9676958038,48382.5584490552,47099.9804711343,48466.6576026922,49882.5581321495,51602.9310457907,53106.5367672165,55049.9883272312
Uzbekistan,UZB,2918.84534965641,3063.03725877466,3341.03798474284,3641.92894904021,3982.83202748454,4413.96997843348,4827.99362858401,5168.51129605828,5469.38117269275,5844.80756223251,6061.94715388358,6302.64724360333,6494.85994090064
St. Vincent and the Grenadines,VCT,6964.36556864107,7623.16448380217,8138.89321816818,8593.56705003991,9535.6041729117,10127.0964880464,10498.791954927,10367.093598917,10139.5356186474,10302.5154675668,10457.1584317001,10909.2641778268,11309.4037895138
"Venezuela, RB",VEN,11078.0770450801,10224.9065131216,12207.7178980276,13657.8155423489,15219.7156169083,16748.7192824652,17723.1504744565,17042.6826713899,16740.3682415571,17527.7487382376,,,
British Virgin Islands,VGB,,,,,,,,,,,,,
Virgin Islands (U.S.),VIR,,,,,,,,,,,,,
Vietnam,VNM,2282.85832742968,2462.50157504763,2694.45812456321,2960.64101845087,3232.81296935298,3522.93833102894,3758.55492154307,3952.73424089527,4213.29572145975,4523.25272760324,5042.4811863999,5358.94663695122,5745.20525351342
Vanuatu,VUT,2016.6532151367,2088.00123357511,2173.31551042415,2301.73216765773,2510.97498030347,2591.0124471519,2724.40977283015,2760.44888835511,2756.32820689586,2825.15540608523,2828.60595960986,2811.37139475891,2871.75481202947
World,WLD,8581.66697300342,8949.54365197542,9554.33060976423,10164.3244307295,10991.4775298446,11752.4990737082,12289.4702309975,12252.0073395232,12896.3902457367,13581.4497933523,14112.1967897992,14628.0342446888,14997.6682101551
Samoa,WSM,3996.40174224987,4228.75368113679,4515.05536132226,4818.85583564074,5030.18640221508,5456.56903795867,5581.28204690195,5316.20513034998,5362.86085040211,5653.19145398811,5478.93266241485,5508.71554603175,5569.50512152322
Kosovo,XKX,,,,,,,6539.17954476937,6865.4178980303,7230.20512967354,7780.59446355734,8039.20797587196,8383.39731100106,8649.44949912369
"Yemen, Rep.",YEM,3129.65914928654,3212.93981455763,3333.06158239602,3526.67428247206,3643.45450382773,3758.16469243732,3860.43241968131,3928.22914811088,4162.08863091114,3607.09056584882,3491.20460991407,3688.51940852363,
South Africa,ZAF,9154.891518853,9483.13234646428,10058.7409853464,10785.0833126626,11586.7845935066,12374.9701452634,12845.726180337,12568.453603784,12912.1250302392,13393.7668852316,13215.7086791394,13606.9428955207,13602.102642918
Zambia,ZMB,1784.21468463103,1894.3500009363,2029.17510223689,2185.94418061508,2366.75939477738,2563.94400784219,2741.24533503014,2933.13055042862,3178.87232965813,3323.93762313186,3422.61993726372,3578.84705510025,3539.43639012079
Zimbabwe,ZWE,2167.01921456762,1827.8668437957,1762.52064890457,1705.56997941708,1685.36238949018,1653.747515405,1374.16955907395,1532.82158569606,1830.82733292151,2101.82405127514,2375.92700580051,2560.77326674813,2612.45595398863
